indic_is,ind_type,unit,time\geo	EU28 	EU27 	EU15 	EA 	BE 	BG 	CZ 	DK 	DE 	EE 	IE 	EL 	ES 	FR 	HR 	IT 	CY 	LV 	LT 	LU 	HU 	MT 	NL 	AT 	PL 	PT 	RO 	SI 	SK 	FI 	SE 	UK 	IS 	NO 	ME 	MK 	TR 
I_IHDDAY,CB_EU_FOR,PC_IND,2012	15 	15 	16 	12 	15 	: u	: u	22 	7 	11 u	19 	5 u	15 	19 	: 	: u	9 	3 	0 u	20 	11 	14 u	33 	12 	9 u	7 	: 	: u	14 u	35 u	35 u	39 	16 	31 u	: 	: 	: 
I_IHDDAY,CB_EU_FOR,PC_IND_IU3,2012	21 	21 	21 	17 	19 	: u	: u	22 	11 	19 u	22 	6 u	20 	25 	: 	: u	12 	6 u	: u	23 	14 	: u	35 u	14 	: u	9 	: 	: u	17 u	36 u	40 u	46 u	17 	32 u	: 	: 	: 
I_IHDDAY,CB_EU_FOR,PC_IND_IUHD,2012	57 	57 	57 	55 	48 	: u	: u	49 u	60 	: u	60 	: u	51 	63 	: 	: u	55 	: u	: u	47 	: u	: u	66 u	35 	: u	32 u	: 	: u	: u	: u	: u	60 u	40 u	50 u	: 	: 	: 
I_IHDDAY,CB_EXT_EU,PC_IND,2012	21 	21 	22 	13 	11 	25 u	: 	35 	12 	3 	: 	5 	11 	21 	11 	: u	9 	3 	2 	29 	4 u	19 u	25 	24 	3 u	6 	: u	3 	: u	22 	39 	39 	16 u	32 u	: 	: 	: 
I_IHDDAY,CB_EXT_EU,PC_IND_IU3,2012	28 	28 	29 	19 	15 	28 u	: 	39 	14 	6 	: 	12 	15 	29 	18 	: u	14 	5 	3 	32 	5 u	24 u	28 	31 	: u	8 	: u	5 	: u	24 u	42 	43 	17 u	32 u	: 	: 	: 
I_IHDDAY,CB_EXT_EU,PC_IND_IUHD,2012	62 	62 	62 	59 	37 	: u	: 	67 	61 	47 u	: 	: u	46 	70 	38 u	: u	56 	42 u	27 u	54 u	: u	: u	60 	69 u	: u	40 u	: u	: u	: u	46 u	62 	65 	: u	: u	: 	: 	: 
I_IHDDAY,CB_FOR,PC_IND,2012	19 	19 	20 	13 	13 	23 u	: u	31 	9 	4 	21 	5 	12 	21 	11 	: u	9 	3 	2 	21 	8 	17 	26 	19 	5 	6 	: u	4 	15 u	27 	38 	39 	16 	31 	11 	: 	: 
I_IHDDAY,CB_FOR,PC_IND_IU3,2012	26 	26 	26 	18 	17 	27 u	: u	34 	13 	6 	23 	10 	17 	28 	18 	: u	13 	5 	3 	24 	11 	23 u	30 	23 	12 u	8 	: u	6 	19 u	29 	42 	44 	17 	32 	20 	: 	: 
I_IHDDAY,CB_FOR,PC_IND_IUHD,2012	61 	61 	61 	58 	42 	: u	: u	62 	61 	47 u	59 	33 u	48 	69 	38 u	: u	55 	42 u	25 u	48 	: u	: u	62 	54 	: u	37 	: u	: u	: u	53 u	64 	64 	42 	62 u	58 u	: 	: 
I_IHDDAY,CB_NAT,PC_IND,2012	16 	16 	19 	15 	10 	4 	: u	31 	15 	9 	18 	6 	19 	18 	14 	: u	9 	8 	3 	28 	5 	17 	30 	20 	4 	5 	3 	8 	9 	24 	42 	35 	20 	30 	14 	: 	: 
I_IHDDAY,CB_NAT,PC_IND_IU3,2012	22 	22 	25 	20 	13 	8 	: u	34 	18 	11 	25 	10 	27 	22 	23 	: u	15 	11 	4 	30 	7 	25 	33 	25 	7 	8 	6 	11 	12 	26 	45 	40 	21 	32 	25 	: 	: 
I_IHDDAY,CB_NAT,PC_IND_IUHD,2012	57 	57 	60 	58 	35 	60 	: u	60 	61 	44 	65 	37 	59 	54 	49 	: u	50 	47 	21 	55 	45 	58 	68 	55 	28 	36 	53 	32 	34 	53 	70 	62 	45 	51 	59 	: 	: 
I_IHDDAY,CC_EU_FOR,PC_IND,2012	17 	17 	17 	15 	17 	: u	: u	24 	15 	: u	15 	0 u	17 	21 	: 	: u	10 	: u	: u	24 	15 u	: u	23 u	14 	: u	1 u	: 	: 	: u	: u	: u	31 u	11 	36 u	: 	: 	: 
I_IHDDAY,CC_EU_FOR,PC_IND_IU3,2012	22 	22 	22 	20 	20 	: u	: u	25 	19 	: u	17 	: u	22 	27 	: 	: u	14 	: u	: u	26 	: u	: u	24 u	14 	: u	2 u	: 	: 	: u	: u	: u	36 u	12 	36 u	: 	: 	: 
I_IHDDAY,CC_EU_FOR,PC_IND_IUHD,2012	56 	56 	56 	57 	49 	: u	: u	51 u	72 u	: u	51 	: u	57 	69 u	: 	: u	57 	: u	: u	50 	: u	: u	: u	35 	: u	: u	: 	: 	: u	: u	: u	51 u	34 u	: u	: 	: 	: 
I_IHDDAY,CC_EXT_EU,PC_IND,2012	19 	19 	19 	10 	12 	27 u	: u	34 	10 	6 	: 	4 	9 	18 	: 	: u	6 	4 	0 	35 u	2 u	: u	34 u	24 u	: u	4 	: u	4 u	: u	22 u	28 u	45 	: u	39 u	: 	: 	: 
I_IHDDAY,CC_EXT_EU,PC_IND_IU3,2012	27 	27 	27 	16 	17 	35 u	: u	37 	13 	8 	: 	10 u	13 	29 	: 	: u	10 	7 	0 	36 u	4 u	: u	37 u	32 u	: u	6 	: u	7 u	: u	23 u	34 u	48 	: u	39 u	: 	: 	: 
I_IHDDAY,CC_EXT_EU,PC_IND_IUHD,2012	63 	63 	63 	56 	41 u	: u	: u	65 	54 u	53 	: 	: u	44 	64 	: 	: u	54 u	41 	: u	: u	: u	: u	: u	: u	: u	: u	: 	: u	: 	: u	: u	69 	: u	: u	: 	: 	: 
I_IHDDAY,CC_FOR,PC_IND,2012	18 	18 	19 	12 	15 	22 u	: u	30 	13 	5 	: 	3 	12 	19 	: 	: u	8 	4 	0 	24 	7 	14 u	28 	19 	9 u	3 	: u	4 u	: u	22 u	31 u	43 	13 	37 	7 	: 	: 
I_IHDDAY,CC_FOR,PC_IND_IU3,2012	25 	25 	26 	18 	20 	34 u	: u	32 	16 	8 	: 	8 	16 	29 	: 	: u	13 	7 	0 	27 	10 u	: u	29 u	23 	: u	4 	: u	7 u	: u	23 u	38 u	46 	14 	37 	14 u	: 	: 
I_IHDDAY,CC_FOR,PC_IND_IUHD,2012	61 	61 	61 	57 	47 	: u	: u	59 	64 	51 	: 	: u	50 	67 	: 	: u	56 	43 	: u	51 	: u	: u	60 u	52 	: u	: u	: 	: u	: u	: u	59 u	67 	38 u	64 u	: u	: 	: 
I_IHDDAY,CC_NAT,PC_IND,2012	16 	16 	19 	15 	10 	4 	: u	31 	15 	9 	18 	6 	19 	18 	14 	: u	9 	8 	3 	26 	5 	17 	30 	20 	4 	5 	3 	7 	9 	24 	42 	35 	20 	30 	14 	: 	: 
I_IHDDAY,CC_NAT,PC_IND_IU3,2012	22 	22 	25 	20 	13 	8 	: u	34 	18 	11 	25 	10 	27 	22 	23 	: u	15 	11 	4 	28 	7 	25 	33 	25 	7 	8 	7 	10 	12 	27 	44 	40 	21 	31 	25 	: 	: 
I_IHDDAY,CC_NAT,PC_IND_IUHD,2012	57 	58 	60 	58 	34 	60 	: u	61 	61 	44 	65 	36 	59 	55 	48 	: u	50 	47 	21 	54 	45 	57 	68 	55 	28 	36 	53 	32 	34 	53 	69 	62 	45 	51 	59 	: 	: 
I_IHDDAY,EMPL_UNE,PC_IND,2012	20 	20 	23 	18 	13 	5 	: u	34 	18 	9 	23 	7 	20 	22 	15 	11 	10 	8 	2 	28 	6 	24 	37 	22 	6 	6 	3 	7 	10 	28 	45 	41 	21 	33 	13 	5 	7 
I_IHDDAY,EMPL_UNE,PC_IND_IU3,2012	24 	24 	26 	21 	15 	9 	: u	35 	19 	11 	27 	10 	25 	25 	20 	16 	14 	10 	3 	30 	8 	28 	38 	24 	7 	8 	6 	9 	12 	29 	46 	44 	21 	33 	22 	8 	13 
I_IHDDAY,EMPL_UNE,PC_IND_IUHD,2012	59 	59 	61 	59 	38 	60 	: u	60 	63 	46 	66 	38 	57 	58 	46 	73 	52 	46 	19 	53 	46 	61 	69 	52 	30 	39 	52 	30 	34 	53 	69 	65 	46 	52 	56 	40 	53 
I_IHDDAY,F_I0_2,PC_IND,2012	7 	7 	8 	7 	5 	0 n	: u	30 	11 	8 	9 	1 	7 	9 	8 	3 	2 	8 	4 	19 	3 	5 	20 	16 	3 	1 	0 n	3 	5 	13 	29 	11 	15 	31 	5 	1 	1 
I_IHDDAY,F_I0_2,PC_IND_IU3,2012	16 	16 	17 	15 	10 	3 	: u	35 	16 	14 	17 	8 	16 	14 	33 u	11 	8 	15 	9 	28 	7 	11 	26 	32 	7 	3 	2 	8 	9 	17 	36 	19 	17 	35 	: u	4 	7 
I_IHDDAY,F_I0_2,PC_IND_IUHD,2012	54 	54 	55 	54 	29 	: u	: u	64 	60 	47 	63 	: u	51 	45 	: u	71 	35 u	45 	29 	56 u	40 u	44 u	73 	64 	27 	25 	29 u	: u	21 	40 	61 	61 u	44 	55 u	: u	: u	43 
I_IHDDAY,F_I3_4,PC_IND,2012	13 	13 	17 	12 	8 	3 	: u	20 	11 	5 	15 	3 	20 	15 	12 	9 	6 	3 	1 	24 	3 	22 	28 	15 	2 	4 	2 	7 	5 	17 	34 	33 	17 	18 	5 	2 	7 
I_IHDDAY,F_I3_4,PC_IND_IU3,2012	17 	17 	20 	15 	10 	5 	: u	21 	13 	6 	18 	5 	24 	17 	16 	13 	10 	5 	2 	26 	4 	23 	29 	19 	4 	4 	3 	9 	8 	19 	37 	36 	18 	20 	10 	3 	10 
I_IHDDAY,F_I3_4,PC_IND_IUHD,2012	55 	55 	57 	55 	30 	60 	: u	47 	60 	41 	57 	20 	56 	51 	46 	75 	49 	34 	13 	55 	38 	46 	64 	48 	25 	20 	51 	37 	29 	50 	65 	60 	47 	46 	29 u	17 u	49 
I_IHDDAY,F_I5_8,PC_IND,2012	21 	21 	24 	19 	9 	10 	: u	34 	12 	6 	25 	8 	25 	24 	15 	13 	12 	8 	2 	23 	6 	40 	33 	19 	6 	6 	8 	7 	11 	23 	44 	39 	17 	27 	24 	15 	17 
I_IHDDAY,F_I5_8,PC_IND_IU3,2012	23 	23 	26 	20 	10 	11 	: u	34 	13 	7 	26 	10 	27 	25 	17 	15 	13 	9 	3 	24 	7 	41 	33 	20 	7 	6 	9 	7 	11 	24 	45 	40 	17 	27 	27 	16 	18 
I_IHDDAY,F_I5_8,PC_IND_IUHD,2012	57 	57 	60 	57 	30 	59 	: u	59 	56 	38 	62 	50 	62 	58 	44 	69 	47 	48 	18 	46 	43 	76 u	67 	50 	29 	29 	53 	24 	37 	47 	68 	61 	36 	45 	76 u	49 u	58 
I_IHDDAY,F_Y16_24,PC_IND,2012	33 	32 	39 	33 	15 	10 	: u	55 	34 	20 	33 	6 	43 	35 	44 	22 	20 	20 	8 	51 	9 	38 	72 	45 	9 	6 	5 	23 	13 	30 	64 	59 	32 	52 	25 	9 	8 
I_IHDDAY,F_Y16_24,PC_IND_IU3,2012	34 	34 	41 	34 	15 	12 	: u	55 	35 	21 	35 	6 	44 	35 	45 	27 	21 	20 	8 	52 	10 	39 	72 	46 	9 	6 	6 	24 	13 	30 	64 	61 	32 	52 	28 	10 	15 
I_IHDDAY,F_Y16_24,PC_IND_IUHD,2012	61 	61 	65 	61 	30 	61 	: u	78 	68 	54 	68 	17 	66 	54 	58 	79 	50 	48 	21 	66 	40 	59 	87 	65 	25 	16 	50 	42 	28 	46 	77 	69 	46 	70 u	52 u	32 u	50 
I_IHDDAY,F_Y16_74,PC_IND,2012	13 	13 	16 	12 	8 	4 	: u	28 	11 	6 	17 	4 	15 	15 	11 	7 	7 	5 	2 	22 	3 	14 	27 	16 	3 	2 	2 	6 	7 	18 	37 	31 	17 	25 	9 	3 	4 
I_IHDDAY,F_Y16_74,PC_IND_IU3,2012	19 	19 	21 	17 	10 	8 	: u	30 	14 	7 	21 	7 	23 	19 	20 	13 	12 	8 	3 	25 	5 	22 	29 	21 	5 	4 	5 	8 	9 	20 	40 	36 	17 	26 	18 	6 	11 
I_IHDDAY,F_Y16_74,PC_IND_IUHD,2012	56 	56 	58 	55 	30 	58 	: u	58 	59 	41 	61 	32 	58 	52 	52 	72 	46 	42 	18 	52 	40 	55 	67 	52 	27 	24 	50 	32 	31 	47 	66 	60 	42 	48 	51 	30 	51 
I_IHDDAY,F_Y25_54,PC_IND,2012	15 	15 	17 	13 	8 	5 	: u	33 	11 	5 	19 	5 	16 	17 	9 	7 	6 	5 	1 	22 	4 	16 	27 	15 	4 	3 	2 	4 	8 	25 	45 	36 	19 	28 	8 	3 	3 
I_IHDDAY,F_Y25_54,PC_IND_IU3,2012	18 	18 	21 	16 	10 	7 	: u	34 	12 	6 	22 	8 	21 	19 	13 	11 	10 	6 	2 	23 	5 	20 	28 	17 	5 	4 	5 	6 	9 	26 	46 	39 	19 	28 	14 	5 	9 
I_IHDDAY,F_Y25_54,PC_IND_IUHD,2012	55 	55 	57 	54 	31 	57 	: u	57 	57 	32 	60 	41 	55 	53 	46 	69 	45 	38 	15 	48 	40 	55 	61 	45 	28 	30 	50 	24 	34 	50 	65 	59 	41 	45 	49 u	30 u	52 
I_IHDDAY,F_Y25_64,PC_IND,2012	12 	12 	14 	10 	7 	4 	: u	27 	9 	4 	16 	4 	13 	13 	7 	6 	5 	4 	1 	19 	3 	12 	22 	13 	3 	2 	2 	4 	6 	19 	37 	31 	15 	22 	6 	2 	3 
I_IHDDAY,F_Y25_64,PC_IND_IU3,2012	16 	16 	18 	14 	8 	7 	: u	29 	10 	5 	20 	7 	19 	16 	12 	10 	9 	5 	1 	21 	4 	18 	23 	16 	5 	4 	4 	5 	8 	20 	39 	35 	15 	23 	13 	4 	9 
I_IHDDAY,F_Y25_64,PC_IND_IUHD,2012	54 	54 	56 	53 	29 	57 	: u	54 	55 	33 	59 	41 	54 	52 	46 	69 	44 	37 	14 	47 	40 	52 	59 	46 	28 	30 	49 	25 	32 	47 	64 	59 	40 	43 	48 u	28 u	52 
I_IHDDAY,F_Y55_74,PC_IND,2012	2 	2 	3 	2 	3 	1 	: u	6 	1 	0 n	2 	0 n	1 	3 	1 	1 	1 	0 n	0 	5 	1 	1 	5 	2 	0 n	0 n	0 n	1 	1 	3 	9 	8 	2 	3 	1 	0 	0 n
I_IHDDAY,F_Y55_74,PC_IND_IU3,2012	5 	5 	6 	4 	5 	3 	: u	7 	2 	0 n	4 	3 	4 	5 	4 	4 	3 	1 	0 	7 	2 	2 	7 	6 	1 	2 	1 	2 	2 	5 	11 	11 	2 	4 	6 u	0 u	1 
I_IHDDAY,F_Y55_74,PC_IND_IUHD,2012	40 	40 	41 	38 	24 	: u	: u	31 	30 	: u	32 	: u	37 	41 	34 u	67 	: u	: u	: u	35 u	44 u	: u	45 	47 u	13 u	: u	: u	: u	17 u	28 	44 	44 	: u	18 u	: u	: u	: u
I_IHDDAY,HHI_Q1,PC_IND,2012	8 	8 	10 	8 	5 	0 n	: u	44 	8 	2 	: 	2 	7 	: 	: 	4 	4 	5 	1 	18 	2 	3 	25 	17 	1 	1 	0 n	2 	4 	17 	25 	: 	13 	28 	: 	2 	: 
I_IHDDAY,HHI_Q1,PC_IND_IU3,2012	15 	15 	17 	15 	10 	1 	: u	45 	12 	5 	: 	6 	14 	: 	: 	12 	10 	10 	2 	23 	5 	8 	29 	25 	3 	5 	1 	7 	9 	21 	33 	: 	14 	32 	: 	8 	: 
I_IHDDAY,HHI_Q1,PC_IND_IUHD,2012	54 	54 	57 	55 	33 	: u	: u	68 	57 	39 u	: 	23 	42 	: 	: 	69 	48 	45 	15 	53 	45 	31 u	70 	59 	17 	42 u	: u	26 u	33 	56 	65 u	: 	40 	58 	: 	35 u	: 
I_IHDDAY,HHI_Q2,PC_IND,2012	9 	9 	12 	10 	8 	2 	: u	26 	12 	4 	: 	5 	15 	: 	: 	5 	7 	5 	2 	25 	3 	13 	24 	17 	3 	2 	2 	4 	7 	16 	32 	: 	16 	26 	: 	1 	: 
I_IHDDAY,HHI_Q2,PC_IND_IU3,2012	15 	15 	18 	16 	11 	4 	: u	30 	16 	6 	: 	10 	22 	: 	: 	11 	13 	8 	4 	26 	5 	19 	25 	24 	5 	4 	6 	8 	10 	20 	36 	: 	16 	27 	: 	1 	: 
I_IHDDAY,HHI_Q2,PC_IND_IUHD,2012	53 	53 	57 	55 	32 	56 	: u	58 	64 	37 	: 	40 	53 	: 	: 	70 	50 	40 	26 	54 	45 	52 	62 	49 	25 	27 	50 	32 u	32 	57 	65 	: 	43 	59 	: 	: u	: 
I_IHDDAY,HHI_Q3,PC_IND,2012	12 	12 	15 	14 	8 	4 	: u	26 	14 	7 	: 	9 	24 	: 	: 	8 	14 	6 	2 	28 	4 	20 	34 	18 	4 	3 	3 	5 	10 	20 	29 	: 	23 	31 	: 	2 	: 
I_IHDDAY,HHI_Q3,PC_IND_IU3,2012	16 	16 	19 	18 	9 	6 	: u	28 	17 	8 	: 	11 	27 	: 	: 	15 	18 	8 	3 	29 	5 	25 	34 	22 	5 	5 	6 	7 	12 	21 	30 	: 	23 	31 	: 	3 	: 
I_IHDDAY,HHI_Q3,PC_IND_IUHD,2012	53 	53 	58 	57 	28 	62 	: u	54 	59 	43 	: 	37 	59 	: 	: 	74 	55 	38 	18 	52 	38 	59 	68 	52 	24 	31 	47 	24 	35 	47 	54 	: 	46 	47 	: 	21 u	: 
I_IHDDAY,HHI_Q4,PC_IND,2012	18 	18 	23 	20 	18 	10 	: u	26 	21 	15 	: 	13 	33 	: 	: 	14 	14 	12 	5 	29 	10 	30 	41 	23 	8 	10 	5 	11 	14 	34 	51 	: 	30 	38 	: 	12 	: 
I_IHDDAY,HHI_Q4,PC_IND_IU3,2012	22 	22 	26 	23 	19 	12 	: u	27 	22 	16 	: 	18 	35 	: 	: 	20 	18 	14 	6 	30 	10 	35 	42 	26 	10 	12 	8 	12 	15 	35 	52 	: 	31 	38 	: 	14 	: 
I_IHDDAY,HHI_Q4,PC_IND_IUHD,2012	59 	59 	64 	62 	43 	60 	: u	57 	62 	48 	: 	40 u	65 	: 	: 	74 	50 	53 	22 	54 	47 	64 	71 	58 	35 	42 	59 	33 	36 	54 	72 	: 	49 	52 	: 	46 	: 
I_IHDDAY,I0_2,PC_IND,2012	9 	9 	10 	9 	7 	1 	: u	32 	14 	7 	7 	1 	9 	12 	9 	4 	3 	8 	3 	20 	4 	7 	23 	22 	3 	2 	1 	3 	7 	18 	32 	14 	17 	35 	6 	1 	2 
I_IHDDAY,I0_2,PC_IND_IU3,2012	18 	18 	19 	18 	11 	4 	: u	37 	20 	12 	15 	8 	19 	18 	30 	12 	10 	14 	7 	27 	9 	14 	28 	37 	7 	5 	6 	8 	12 	24 	37 	25 	18 	40 	31 u	4 	9 
I_IHDDAY,I0_2,PC_IND_IUHD,2012	55 	55 	57 	56 	31 	48 u	: u	63 	64 	41 	56 	32 u	52 	51 	55 u	69 	43 	46 	22 	54 	44 	47 	70 	71 	25 	32 	55 	25 u	25 	50 	64 	60 	44 	60 	: u	31 u	46 
I_IHDDAY,I3_4,PC_IND,2012	16 	16 	20 	15 	11 	3 	: u	26 	14 	7 	18 	5 	22 	17 	16 	12 	7 	5 	2 	28 	5 	27 	32 	18 	3 	7 	2 	8 	8 	24 	41 	35 	19 	25 	11 	4 	9 
I_IHDDAY,I3_4,PC_IND_IU3,2012	20 	20 	24 	19 	12 	6 	: u	28 	17 	9 	21 	8 	26 	20 	21 	16 	11 	8 	3 	30 	6 	28 	33 	22 	5 	8 	4 	11 	11 	26 	44 	38 	19 	27 	19 	6 	12 
I_IHDDAY,I3_4,PC_IND_IUHD,2012	57 	57 	59 	58 	33 	60 	: u	55 	62 	43 	61 	29 	58 	54 	46 	74 	48 	40 	18 	54 	45 	56 	68 	51 	24 	32 	50 	37 	34 	56 	69 	60 	46 	49 	50 	29 	49 
I_IHDDAY,I5_8,PC_IND,2012	26 	26 	29 	23 	16 	12 	: u	37 	17 	10 	31 	12 	28 	29 	20 	18 	17 	12 	4 	26 	9 	39 	35 	23 	10 	12 	11 	10 	14 	28 	48 	46 	24 	31 	28 	17 	17 
I_IHDDAY,I5_8,PC_IND_IU3,2012	28 	28 	31 	24 	16 	14 	: u	38 	18 	11 	32 	14 	30 	30 	22 	21 	19 	13 	5 	26 	9 	39 	35 	25 	11 	13 	12 	10 	15 	28 	49 	47 	24 	31 	33 	18 	18 
I_IHDDAY,I5_8,PC_IND_IUHD,2012	60 	60 	62 	59 	41 	62 	: u	61 	58 	48 	68 	46 	62 	61 	45 	73 	54 	54 	23 	50 	45 	71 	66 	53 	34 	45 	56 	28 	37 	50 	71 	65 	44 	49 	69 	48 	57 
I_IHDDAY,IND_BROAD,PC_IND,2012	20 	20 	23 	19 	13 	7 	: u	34 	17 	10 	23 	9 	23 	22 	20 	12 	12 	10 	4 	29 	8 	20 	34 	23 	6 	7 	5 	9 	12 	26 	45 	39 	20 	31 	22 	7 	10 
I_IHDDAY,IND_BROAD,PC_IND_IU3,2012	23 	23 	26 	21 	14 	9 	: u	34 	18 	11 	26 	11 	27 	24 	24 	17 	16 	11 	4 	30 	8 	25 	35 	25 	7 	8 	7 	11 	13 	27 	46 	41 	20 	32 	27 	8 	14 
I_IHDDAY,IND_BROAD,PC_IND_IUHD,2012	58 	58 	61 	58 	36 	61 	: u	61 	61 	44 	65 	38 	59 	56 	48 	74 	52 	47 	22 	54 	45 	57 	69 	54 	29 	37 	53 	33 	35 	53 	70 	63 	45 	52 	63 	36 	53 
I_IHDDAY,IND_BROADX,PC_IND,2012	8 	8 	9 	9 	5 	: u	: u	: u	3 	: u	18 	1 	18 u	12 	: u	8 	: u	7 	1 	20 	14 u	: u	11 	7 	3 	1 	4 	: u	1 	: u	: u	22 u	: u	35 u	12 u	: u	5 
I_IHDDAY,IND_BROADX,PC_IND_IU3,2012	11 	11 	12 	11 	6 	: u	: u	: u	3 	: u	22 	1 u	33 u	13 	: u	12 	: u	10 	2 u	22 	14 u	: u	12 	9 	5 	2 u	6 	: u	2 	: 	: u	: u	: u	36 u	18 u	: u	14 
I_IHDDAY,IND_BROADX,PC_IND_IUHD,2012	49 	49 	51 	49 	: u	: 	: u	: 	34 u	: 	61 	: u	: u	41 	: u	72 	: u	34 u	: u	50 	: u	: 	41 u	: u	28 u	: u	61 u	: 	5 u	: 	: 	: u	: 	: u	: u	: 	40 
I_IHDDAY,IND_DEG1,PC_IND,2012	22 	22 	25 	19 	12 	11 	: u	40 	: 	12 	: 	: 	20 	23 	20 	11 	: 	12 	5 	: 	7 	18 	33 	24 	7 	7 	6 	9 	14 	31 	48 	38 	22 	: 	: 	: 	: 
I_IHDDAY,IND_DEG1,PC_IND_IU3,2012	28 	28 	32 	25 	15 	15 	: u	42 	: 	15 	: 	: 	27 	28 	26 	18 	: 	15 	6 	: 	9 	27 	36 	29 	9 	10 	9 	13 	16 	33 	51 	44 	23 	: 	: 	: 	: 
I_IHDDAY,IND_DEG1,PC_IND_IUHD,2012	60 	60 	63 	61 	39 	66 	: u	67 	: 	52 	: 	: 	60 	60 	52 	75 	: 	52 	24 	: 	48 	62 	70 	58 	30 	43 	57 	42 	38 	56 	68 	65 	47 	: 	: 	: 	: 
I_IHDDAY,IND_DEG2,PC_IND,2012	16 	16 	20 	14 	11 	3 	: u	29 	: 	6 	: 	: 	17 	16 	14 	9 	9 	4 	3 	25 	5 	17 	29 	20 	4 	4 	2 	8 	9 	22 	41 	36 	18 	: 	: 	: 	: 
I_IHDDAY,IND_DEG2,PC_IND_IU3,2012	23 	23 	26 	20 	13 	6 	: u	32 	: 	8 	: 	: 	24 	20 	24 	16 	15 	6 	4 	28 	7 	24 	31 	24 	6 	6 	5 	11 	12 	25 	44 	41 	18 	: 	: 	: 	: 
I_IHDDAY,IND_DEG2,PC_IND_IUHD,2012	57 	58 	60 	55 	35 	52 	: u	60 	: 	39 	: 	: 	55 	50 	46 	71 	51 	33 	21 	52 	48 	55 	67 	55 	27 	31 	46 	33 	36 	51 	72 	63 	44 	: 	: 	: 	: 
I_IHDDAY,IND_DEG3,PC_IND,2012	10 	10 	14 	11 	9 	3 	: u	23 	: 	5 	: 	: 	14 	13 	10 	6 	: 	5 	1 	: 	4 	9 	23 	17 	3 	2 	1 	6 	7 	18 	32 	23 	11 	: 	: 	: 	: 
I_IHDDAY,IND_DEG3,PC_IND_IU3,2012	16 	16 	20 	17 	12 	7 	: u	26 	: 	6 	: 	: 	23 	16 	19 	13 	: 	8 	2 	: 	7 	16 	25 	22 	5 	4 	3 	9 	9 	21 	35 	27 	12 	: 	: 	: 	: 
I_IHDDAY,IND_DEG3,PC_IND_IUHD,2012	50 	50 	53 	52 	32 	62 	: u	52 	: 	34 	: 	: 	57 	50 	44 	72 	: 	43 	15 	: 	39 	: u	60 	51 	27 	23 	47 	28 	28 	49 	61 	50 	36 	: 	: 	: 	: 
I_IHDDAY,IND_NO1,PC_IND,2012	21 	21 	21 	17 	11 	: 	: u	31 	15 	: 	19 	5 	19 	19 	: 	10 	9 	: 	: 	25 	8 	: 	30 	20 	: 	8 	: 	: 	17 	24 	41 	36 	: 	: 	: 	: 	: 
I_IHDDAY,IND_NO1,PC_IND_IU3,2012	26 	26 	26 	22 	13 	: 	: u	34 	18 	: 	24 	9 	26 	23 	: 	17 	15 	: 	: 	28 	10 	: 	32 	25 	: 	11 	: 	: 	20 	26 	44 	41 	: 	: 	: 	: 	: 
I_IHDDAY,IND_NO1,PC_IND_IUHD,2012	61 	61 	61 	59 	36 	: 	: u	60 	62 	: 	64 	40 u	59 	56 	: 	73 	51 	: 	: 	52 	49 	: 	68 	55 	: 	45 	: 	: 	50 	53 	69 	63 	: 	: 	: 	: 	: 
I_IHDDAY,IND_O1,PC_IND,2012	7 	7 	10 	9 	9 	4 	: u	: 	11 	8 	: 	6 	15 	9 	: 	5 	: 	8 	3 	: 	4 	17 	: 	19 	4 	4 	3 	7 	8 	: 	: 	28 	: 	: 	: 	: 	: 
I_IHDDAY,IND_O1,PC_IND_IU3,2012	11 	11 	16 	14 	12 	9 	: u	: 	14 	10 	: 	10 	24 	13 	: 	12 	: 	11 	4 	: 	6 	25 	: 	25 	7 	6 	6 	10 	11 	: 	: 	32 	: 	: 	: 	: 	: 
I_IHDDAY,IND_O1,PC_IND_IUHD,2012	45 	45 	53 	49 	35 	60 	: u	: 	56 	45 	: 	36 	55 	37 	: 	72 	: 	46 	21 	: 	42 	58 	: 	57 	28 	31 	53 	33 	31 	: 	: 	63 u	: 	: 	: 	: 	: 
I_IHDDAY,IND_TOTAL,PC_IND,2012	16 	16 	19 	15 	11 	4 	: u	31 	15 	8 	19 	6 	18 	18 	14 	9 	9 	8 	3 	25 	5 	17 	30 	20 	4 	5 	3 	7 	9 	24 	41 	35 	20 	30 	14 	4 	5 
I_IHDDAY,IND_TOTAL,PC_IND_IU3,2012	22 	22 	25 	20 	13 	9 	: u	34 	18 	10 	24 	10 	25 	23 	23 	16 	15 	11 	4 	28 	7 	25 	32 	25 	7 	8 	6 	10 	12 	26 	44 	41 	20 	32 	24 	8 	12 
I_IHDDAY,IND_TOTAL,PC_IND_IUHD,2012	58 	58 	60 	58 	36 	60 	: u	60 	61 	45 	64 	36 	58 	55 	48 	73 	51 	46 	21 	52 	45 	58 	68 	55 	28 	36 	53 	33 	34 	53 	69 	63 	45 	52 	59 	36 	51 
I_IHDDAY,ISCO0_5,PC_IND,2012	25 	25 	27 	22 	16 	10 	: u	38 	20 	12 	31 	11 	27 	27 	20 	: u	14 	12 	4 	30 	9 	28 	39 	26 	9 	9 	7 	9 	13 	31 	48 	45 	24 	33 	: 	11 	: 
I_IHDDAY,ISCO0_5,PC_IND_IU3,2012	26 	26 	29 	24 	17 	12 	: u	38 	21 	12 	33 	14 	30 	28 	22 	: u	17 	13 	4 	31 	9 	30 	39 	28 	10 	10 	9 	10 	13 	31 	49 	47 	24 	34 	: 	13 	: 
I_IHDDAY,ISCO0_5,PC_IND_IUHD,2012	61 	61 	64 	61 	42 	62 	: u	61 	63 	46 	70 	44 	62 	61 	50 	: u	53 	51 	23 	54 	47 	62 	69 	54 	33 	41 	54 	29 	35 	53 	70 	67 	49 	51 	: 	41 	: 
I_IHDDAY,ISCO6_9,PC_IND,2012	13 	13 	16 	12 	8 	1 	: u	27 	14 	6 	14 	2 	13 	15 	7 	: u	2 	5 	0 n	24 	4 	12 	31 	12 	2 	3 	1 	5 	6 	24 	37 	37 	13 	34 	: 	1 	: 
I_IHDDAY,ISCO6_9,PC_IND_IU3,2012	18 	19 	22 	17 	10 	3 	: u	29 	17 	7 	19 	5 	18 	18 	10 	: u	5 	7 	1 	27 	5 	20 	33 	16 	3 	5 	3 	8 	9 	26 	39 	41 	13 	36 	: 	2 	: 
I_IHDDAY,ISCO6_9,PC_IND_IUHD,2012	55 	55 	58 	54 	31 	50 u	: u	59 	61 	48 	55 	32 u	49 	50 	35 u	: u	36 u	38 	8 	54 	40 	53 u	71 	43 	22 	45 	49 	35 u	27 	52 	69 	62 	36 	60 	: 	: u	: 
I_IHDDAY,ISCO_ICT,PC_IND,2012	42 	42 	45 	39 	33 	27 	: u	53 u	35 	31 	: u	: u	41 	52 	: 	: u	44 u	34 	29 u	30 u	22 	: u	39 u	40 	33 	30 	22 	16 	31 	53 	70 u	58 u	: u	: u	: 	: u	: 
I_IHDDAY,ISCO_ICT,PC_IND_IU3,2012	43 	43 	45 	39 	34 	27 	: u	53 u	35 	31 	: u	: u	42 	52 	: 	: u	44 u	34 	29 u	30 u	23 	: u	39 u	41 	34 	30 	28 	16 	31 	53 	70 u	58 u	: u	: u	: 	: u	: 
I_IHDDAY,ISCO_ICT,PC_IND_IUHD,2012	64 	64 	66 	64 	50 	62 u	: u	69 u	64 	56 u	: u	: u	61 	72 	: 	: u	: u	72 u	61 u	: u	57 u	: u	: u	57 	46 	48 u	64 u	30 u	46 	58 	79 u	67 u	: u	: u	: 	: u	: 
I_IHDDAY,ISCO_ICTX,PC_IND,2012	20 	20 	24 	19 	14 	6 	: u	34 	18 	9 	26 	8 	22 	22 	16 	: u	9 	9 	2 	29 	6 	23 	37 	21 	5 	6 	3 	7 	10 	27 	44 	42 	21 	33 	: 	6 	: 
I_IHDDAY,ISCO_ICTX,PC_IND_IU3,2012	24 	24 	27 	22 	15 	9 	: u	35 	19 	10 	30 	11 	26 	25 	19 	: u	14 	10 	3 	30 	7 	27 	38 	24 	7 	8 	6 	8 	12 	28 	45 	45 	21 	33 	: 	8 	: 
I_IHDDAY,ISCO_ICTX,PC_IND_IUHD,2012	60 	60 	62 	60 	39 	60 	: u	60 	63 	45 	68 	41 	59 	58 	47 	: u	51 	46 	18 	54 	44 	60 	69 	51 	30 	41 	52 	30 	33 	52 	69 	66 	46 	52 	: 	36 	: 
I_IHDDAY,M_I0_2,PC_IND,2012	11 	11 	13 	11 	8 	1 	: u	35 	20 	7 	6 	2 	11 	15 	11 	5 	4 	9 	3 	21 	5 	9 	27 	31 	3 	3 	2 	4 	10 	23 	34 	19 	19 	39 	8 	1 	3 
I_IHDDAY,M_I0_2,PC_IND_IU3,2012	21 	21 	22 	20 	12 	5 	: u	38 	25 	10 	12 	8 	21 	22 	27 u	12 	12 	14 	6 	25 	11 	17 	31 	43 	8 	6 	9 	9 	15 	30 	38 	32 	19 	43 	: u	4 	9 
I_IHDDAY,M_I0_2,PC_IND_IUHD,2012	57 	57 	58 	57 	33 	: u	: u	62 	67 	37 	49 	34 u	52 	55 	41 u	68 	48 u	47 	17 	52 u	48 	48 	67 	77 	24 	35 	71 u	21 u	29 	58 	66 	59 u	44 	65 	: u	: u	47 
I_IHDDAY,M_I3_4,PC_IND,2012	18 	18 	23 	18 	13 	4 	: u	30 	17 	9 	20 	8 	25 	20 	19 	15 	8 	8 	3 	32 	6 	31 	37 	21 	3 	12 	3 	9 	10 	30 	46 	37 	20 	32 	15 	6 	11 
I_IHDDAY,M_I3_4,PC_IND_IU3,2012	23 	23 	27 	22 	15 	7 	: u	33 	21 	12 	24 	11 	29 	23 	25 	19 	12 	11 	4 	33 	9 	34 	38 	25 	6 	12 	5 	12 	14 	33 	49 	40 	21 	33 	25 	8 	13 
I_IHDDAY,M_I3_4,PC_IND_IUHD,2012	58 	59 	61 	60 	36 	59 	: u	60 	64 	44 	65 	36 	59 	56 	46 	73 	48 	44 	22 	54 	50 	64 	71 	53 	24 	41 	49 	38 	37 	59 	71 	61 	45 	50 	59 	36 	49 
I_IHDDAY,M_I5_8,PC_IND,2012	31 	31 	33 	27 	23 	15 	: u	42 	20 	17 	38 	15 	31 	35 	24 	24 	23 	19 	7 	28 	12 	37 	36 	28 	16 	22 	14 	13 	18 	34 	53 	52 	32 	36 	30 	18 	17 
I_IHDDAY,M_I5_8,PC_IND_IU3,2012	33 	33 	35 	28 	24 	18 	: u	42 	21 	19 	39 	18 	34 	36 	27 	27 	26 	21 	8 	29 	12 	38 	37 	29 	17 	22 	15 	14 	18 	35 	54 	55 	32 	36 	36 	19 	18 
I_IHDDAY,M_I5_8,PC_IND_IUHD,2012	62 	62 	64 	61 	49 	65 	: u	64 	58 	58 	73 	44 	62 	62 	46 	76 	61 	60 	27 	53 	46 	67 	66 	55 	39 	57 	59 	31 	37 	54 	75 	69 	53 	53 	65 	48 u	57 
I_IHDDAY,M_Y16_24,PC_IND,2012	34 	34 	40 	34 	20 	8 	: u	53 	37 	17 	27 	19 	43 	35 	37 	19 	19 	24 	11 	39 	13 	37 	70 	56 	9 	12 	7 	24 	21 	40 	70 	60 	25 	51 	28 	8 	14 
I_IHDDAY,M_Y16_24,PC_IND_IU3,2012	36 	36 	42 	36 	21 	10 	: u	53 	38 	17 	30 	21 	45 	35 	37 	23 	21 	25 	11 	39 	13 	38 	70 	57 	9 	13 	9 	25 	21 	40 	70 	60 	25 	51 	31 	9 	18 
I_IHDDAY,M_Y16_24,PC_IND_IUHD,2012	62 	62 	66 	64 	40 	63 	: u	69 	72 	41 	67 	45 	69 	54 	46 	71 	53 	54 	26 	53 	47 	57 	82 	75 	24 	37 	59 	40 	36 	57 	81 	68 	41 	60 	63 u	36 u	52 
I_IHDDAY,M_Y16_74,PC_IND,2012	19 	19 	22 	18 	14 	5 	: u	34 	18 	11 	21 	8 	20 	22 	18 	11 	11 	10 	4 	29 	7 	19 	34 	24 	6 	7 	4 	8 	12 	29 	45 	40 	22 	35 	18 	6 	7 
I_IHDDAY,M_Y16_74,PC_IND_IU3,2012	25 	25 	28 	23 	17 	10 	: u	37 	21 	13 	27 	13 	28 	26 	26 	18 	18 	14 	6 	30 	10 	27 	36 	28 	9 	11 	8 	12 	15 	33 	48 	45 	23 	37 	29 	9 	13 
I_IHDDAY,M_Y16_74,PC_IND_IUHD,2012	59 	60 	62 	59 	40 	62 	: u	62 	63 	47 	67 	39 	58 	58 	46 	73 	55 	50 	23 	53 	48 	60 	68 	57 	30 	44 	56 	33 	36 	57 	71 	64 	47 	55 	62 	41 	51 
I_IHDDAY,M_Y25_54,PC_IND,2012	23 	23 	26 	21 	18 	7 	: u	42 	22 	13 	26 	8 	22 	26 	20 	14 	13 	11 	3 	33 	8 	24 	38 	23 	7 	9 	4 	9 	13 	38 	55 	48 	27 	42 	19 	7 	6 
I_IHDDAY,M_Y25_54,PC_IND_IU3,2012	27 	27 	30 	25 	19 	11 	: u	43 	23 	15 	31 	12 	27 	29 	25 	19 	18 	13 	4 	34 	10 	30 	38 	26 	10 	12 	8 	11 	15 	39 	55 	51 	28 	43 	29 	11 	12 
I_IHDDAY,M_Y25_54,PC_IND_IUHD,2012	61 	61 	63 	60 	42 	63 	: u	67 	62 	51 	68 	37 	57 	61 	46 	75 	55 	49 	21 	56 	49 	66 	67 	52 	34 	48 	55 	32 	37 	58 	74 	68 	52 	59 	61 	44 	50 
I_IHDDAY,M_Y25_64,PC_IND,2012	19 	19 	22 	18 	15 	5 	: u	35 	18 	11 	22 	7 	19 	22 	16 	12 	11 	9 	3 	29 	7 	19 	31 	21 	6 	7 	4 	7 	11 	32 	46 	41 	24 	36 	15 	6 	5 
I_IHDDAY,M_Y25_64,PC_IND_IU3,2012	25 	25 	27 	22 	17 	10 	: u	37 	20 	13 	28 	11 	25 	26 	23 	18 	17 	12 	4 	30 	10 	26 	32 	24 	9 	11 	8 	10 	14 	34 	48 	45 	24 	37 	27 	10 	11 
I_IHDDAY,M_Y25_64,PC_IND_IUHD,2012	59 	59 	61 	59 	41 	62 	: u	63 	61 	50 	67 	37 	55 	60 	46 	74 	56 	48 	21 	54 	48 	62 	64 	51 	33 	47 	54 	30 	36 	58 	71 	64 	50 	54 	60 	43 	50 
I_IHDDAY,M_Y55_74,PC_IND,2012	5 	5 	6 	4 	4 	1 	: u	11 	4 	1 	5 	1 	4 	7 	1 	3 	3 	1 	0 n	11 	2 	2 	8 	7 	1 	1 	0 n	0 n	2 	10 	16 	11 	8 	11 	4 	0 n	0 n
I_IHDDAY,M_Y55_74,PC_IND_IU3,2012	9 	9 	10 	8 	6 	4 	: u	13 	6 	2 	11 	3 	10 	11 	5 	9 	9 	2 	0 n	13 	5 	5 	10 	12 	2 	2 	2 	1 	4 	13 	19 	16 	9 	13 	18 u	1 	3 
I_IHDDAY,M_Y55_74,PC_IND_IUHD,2012	43 	43 	43 	45 	26 	: u	: u	36 	41 	: u	56 	: u	37 	52 	31 u	63 	62 u	27 u	: u	39 	48 u	: u	44 	43 	20 u	25 u	36 u	: u	27 u	50 	49 	39 	35 	30 	: u	: u	52 u
I_IHDDAY,RETIR_OTHER,PC_IND,2012	4 	4 	4 	3 	3 	0 n	: u	14 	2 	2 	5 	0 n	2 	4 	1 	1 	3 	1 	0 n	6 	1 	3 	8 	5 	0 n	0 n	0 n	0 n	1 	8 	9 	12 	: 	7 	5 	0 	1 
I_IHDDAY,RETIR_OTHER,PC_IND_IU3,2012	8 	8 	9 	6 	6 	3 	: u	19 	4 	4 	8 	2 	7 	6 	6 	6 	10 	2 	1 	8 	3 	8 	10 	10 	1 	1 	2 	0 n	4 	12 	12 	18 	: 	9 	27 u	0 	4 
I_IHDDAY,RETIR_OTHER,PC_IND_IUHD,2012	43 	43 	44 	42 	25 	: u	: u	49 	41 	31 	39 	29 u	39 	39 	29 u	64 	52 u	23 u	18 u	33 	47 	37 u	49 	45 	15 	: u	46 u	: u	28 u	48 	42 	46 	: 	29 u	: u	: u	35 
I_IHDDAY,SAL_SELF_FAM,PC_IND,2012	21 	21 	24 	19 	14 	7 	: u	34 	19 	10 	26 	8 	23 	23 	16 	12 	10 	9 	3 	29 	7 	24 	37 	22 	6 	6 	4 	8 	11 	29 	46 	43 	21 	33 	16 	6 	8 
I_IHDDAY,SAL_SELF_FAM,PC_IND_IU3,2012	24 	24 	28 	22 	16 	10 	: u	35 	20 	11 	30 	12 	27 	25 	19 	16 	14 	11 	3 	30 	8 	28 	38 	24 	8 	9 	7 	9 	12 	30 	47 	45 	21 	34 	22 	9 	14 
I_IHDDAY,SAL_SELF_FAM,PC_IND_IUHD,2012	60 	60 	62 	60 	40 	60 	: u	60 	63 	46 	68 	43 	59 	58 	47 	73 	51 	48 	20 	54 	46 	61 	69 	51 	31 	42 	53 	30 	34 	53 	70 	66 	47 	52 	57 	37 	53 
I_IHDDAY,STUD,PC_IND,2012	32 	31 	37 	31 	16 	10 	: u	53 	29 	16 	33 	14 	43 	34 	42 	23 	20 	22 	11 	45 	12 	33 	60 	52 	10 	11 	8 	24 	18 	33 	60 	58 	27 	47 	35 	9 	16 
I_IHDDAY,STUD,PC_IND_IU3,2012	32 	32 	38 	32 	17 	10 	: u	53 	29 	16 	34 	14 	44 	35 	42 	25 	20 	22 	11 	45 	12 	33 	60 	52 	11 	11 	9 	24 	18 	33 	61 	59 	27 	47 	36 	9 	18 
I_IHDDAY,STUD,PC_IND_IUHD,2012	58 	58 	62 	59 	32 	58 	: u	73 	62 	43 	71 	33 	68 	53 	54 	75 	47 	51 	24 	60 	43 	51 u	79 	73 	26 	29 	58 	40 	35 	51 	74 	65 	44 	64 	64 u	31 u	51 
I_IHDDAY,UNE,PC_IND,2012	11 	10 	12 	11 	5 	2 	: u	16 	7 	8 	12 	4 	12 	18 	13 	8 	10 	3 	1 	11 u	3 	17 u	36 	25 	2 	3 	1 	4 	6 	19 	30 u	25 	15 	19 u	10 	4 	6 
I_IHDDAY,UNE,PC_IND_IU3,2012	15 	15 	17 	15 	7 	5 	: u	16 	10 	10 	16 	6 	17 	21 	22 	13 	15 	5 	2 	12 u	5 	26 u	36 	27 	3 	5 	2 	7 	9 	20 	32 u	29 	15 	20 u	22 	8 	11 
I_IHDDAY,UNE,PC_IND_IUHD,2012	49 	49 	50 	50 	20 	60 u	: u	36 u	53 	49 	55 	23 	45 	55 	42 	70 	58 u	32 	12 	: u	45 u	: u	67 	68 u	19 	25 	: u	22 u	37 u	52 u	50 u	50 	35 u	: u	54 	49 u	55 
I_IHDDAY,Y0_15,PC_IND,2012	: 	: 	: 	: 	: 	: 	: 	: 	11 	19 	: 	: 	: 	: 	: 	: 	: 	22 u	: 	: 	: 	: 	: 	: 	: 	0 	: 	13 	12 	: 	: 	: 	: 	: 	: 	: 	: 
I_IHDDAY,Y0_15,PC_IND_IU3,2012	: 	: 	: 	: 	: 	: 	: 	: 	12 	19 	: 	: 	: 	: 	: 	: 	: 	22 u	: 	: 	: 	: 	: 	: 	: 	0 	: 	14 	13 	: 	: 	: 	: 	: 	: 	: 	: 
I_IHDDAY,Y0_15,PC_IND_IUHD,2012	: 	: 	: 	: 	: 	: 	: 	: 	47 	48 u	: 	: 	: 	: 	: 	: 	: 	53 u	: 	: 	: 	: 	: 	: 	: 	: 	: 	36 u	40 	: 	: 	: 	: 	: 	: 	: 	: 
I_IHDDAY,Y16_24,PC_IND,2012	33 	33 	40 	33 	17 	9 	: u	54 	36 	18 	30 	13 	43 	35 	40 	21 	19 	22 	10 	45 	11 	37 	71 	51 	9 	9 	6 	24 	17 	35 	67 	60 	28 	52 	27 	8 	11 
I_IHDDAY,Y16_24,PC_IND_IU3,2012	35 	35 	41 	35 	18 	11 	: u	54 	37 	19 	32 	14 	45 	35 	41 	25 	21 	22 	10 	45 	12 	38 	71 	51 	9 	9 	8 	24 	17 	35 	67 	60 	28 	52 	30 	9 	17 
I_IHDDAY,Y16_24,PC_IND_IUHD,2012	62 	62 	66 	63 	35 	62 	: u	73 	70 	47 	67 	33 	67 	54 	52 	75 	51 	51 	24 	60 	43 	58 	85 	70 	25 	27 	55 	41 	33 	52 	79 	68 	43 	65 	59 	34 u	51 
I_IHDDAY,Y16_24HI,PC_IND,2012	40 	40 	44 	36 	17 	23 	: u	: u	36 	28 	43 	20 u	46 	34 	25 u	27 	29 	31 	12 	: u	11 u	50 u	76 	: u	12 	16 	11 	: u	19 	: u	: u	59 	: u	: u	47 u	: u	21 
I_IHDDAY,Y16_24HI,PC_IND_IU3,2012	40 	40 	45 	37 	17 	24 	: u	: u	36 	28 	44 	21 u	46 	34 	25 u	29 	31 	32 	12 	: u	11 u	50 u	76 	: u	12 	16 	11 	: u	19 	: u	: u	59 	: u	: u	47 u	: u	22 
I_IHDDAY,Y16_24HI,PC_IND_IUHD,2012	61 	62 	64 	61 	36 u	: u	: u	: u	71 	71 u	74 u	: u	71 	52 	: u	76 	58 u	69 u	26 u	: u	: u	: u	90 u	: u	32 u	32 u	35 u	: u	34 u	: u	: u	66 u	: u	: u	68 u	: u	52 
I_IHDDAY,Y16_24LO,PC_IND,2012	27 	27 	32 	30 	20 	4 	: u	54 	33 	17 	: u	10 	34 	31 	41 u	17 	15 	18 	9 	48 	11 	31 	67 	64 	8 	7 	5 	17 	13 	33 	60 	: u	29 	54 	: u	6 	8 
I_IHDDAY,Y16_24LO,PC_IND_IU3,2012	30 	29 	34 	32 	22 	7 	: u	54 	33 	17 	: u	12 	37 	31 	42 u	22 	16 	18 	9 	48 	12 	32 	67 	65 	8 	7 	7 	17 	13 	33 	60 	: u	29 	54 	: u	8 	14 
I_IHDDAY,Y16_24LO,PC_IND_IUHD,2012	58 	58 	62 	61 	37 	53 u	: u	73 	68 	44 	: u	31 u	63 	47 	53 u	73 	46 	47 	23 	60 	43 	52 u	82 	78 	24 	25 	59 	29 u	24 	49 	76 	: u	44 	67 	: u	: u	50 
I_IHDDAY,Y16_24ME,PC_IND,2012	37 	37 	45 	36 	15 	10 	: u	49 u	41 	18 	31 	12 	53 	39 	41 	24 	20 	24 	10 	46 	11 	38 	73 	47 	9 	10 	7 	29 	18 	38 	72 	63 	29 	58 u	20 	8 	17 
I_IHDDAY,Y16_24ME,PC_IND_IU3,2012	38 	38 	46 	38 	16 	11 	: u	49 u	42 	18 	33 	13 	54 	40 	42 	27 	21 	24 	10 	47 	11 	38 	73 	47 	9 	11 	8 	30 	19 	38 	72 	64 	29 	58 u	22 	9 	19 
I_IHDDAY,Y16_24ME,PC_IND_IUHD,2012	64 	64 	68 	65 	32 	62 	: u	: u	72 	45 	67 	30 	70 	60 	52 	77 	52 	50 	24 	61 	45 	56 	85 	64 	24 	27 	57 	48 	38 	59 	80 	71 	43 	69 u	49 u	31 u	52 
I_IHDDAY,Y25_34,PC_IND,2012	29 	29 	34 	27 	18 	7 	: u	56 	29 	15 	30 	11 	30 	33 	27 	15 	14 	14 	5 	41 	8 	32 	49 	34 	10 	11 	6 	11 	15 	42 	59 	59 	31 	50 	22 	9 	8 
I_IHDDAY,Y25_34,PC_IND_IU3,2012	32 	32 	37 	29 	19 	10 	: u	57 	30 	15 	32 	14 	35 	34 	29 	20 	18 	15 	5 	41 	9 	35 	49 	35 	11 	12 	9 	12 	17 	42 	60 	61 	31 	50 	30 	12 	14 
I_IHDDAY,Y25_34,PC_IND_IUHD,2012	64 	64 	67 	63 	41 	59 	: u	74 	67 	43 	67 	41 	62 	62 	50 	75 	52 	48 	21 	64 	43 	65 	72 	60 	33 	44 	53 	31 	36 	60 	74 	73 	51 	67 	57 	44 	52 
I_IHDDAY,Y25_54,PC_IND,2012	19 	19 	22 	17 	13 	6 	: u	38 	16 	9 	22 	7 	19 	21 	15 	10 	9 	8 	2 	28 	6 	20 	32 	19 	6 	6 	3 	7 	11 	32 	50 	42 	23 	35 	14 	5 	5 
I_IHDDAY,Y25_54,PC_IND_IU3,2012	23 	23 	26 	20 	15 	9 	: u	39 	18 	10 	26 	10 	24 	24 	19 	16 	14 	9 	3 	29 	7 	25 	33 	22 	7 	8 	7 	8 	12 	32 	51 	45 	23 	35 	23 	8 	11 
I_IHDDAY,Y25_54,PC_IND_IUHD,2012	58 	58 	60 	57 	38 	60 	: u	62 	60 	44 	64 	39 	56 	57 	46 	73 	51 	45 	19 	52 	46 	61 	64 	49 	32 	42 	53 	29 	35 	55 	70 	64 	47 	53 	57 	39 	51 
I_IHDDAY,Y25_54HI,PC_IND,2012	30 	30 	33 	26 	18 	15 	: u	45 	21 	13 	35 	14 	30 	34 	25 	21 	18 	14 	5 	30 	11 	41 	40 	27 	12 	14 	13 	11 	15 	35 	57 	54 	28 	38 	28 	18 	18 
I_IHDDAY,Y25_54HI,PC_IND_IU3,2012	31 	31 	34 	27 	19 	15 	: u	45 	22 	14 	35 	15 	32 	34 	26 	23 	19 	14 	5 	30 	11 	41 	40 	27 	13 	14 	14 	11 	15 	36 	58 	55 	28 	38 	30 	19 	19 
I_IHDDAY,Y25_54HI,PC_IND_IUHD,2012	62 	62 	64 	61 	43 	62 	: u	64 	60 	47 	69 	46 	63 	63 	47 	73 	54 	53 	23 	52 	45 	72 	67 	51 	36 	48 	59 	26 	38 	54 	74 	68 	46 	53 	68 	49 	59 
I_IHDDAY,Y25_54LO,PC_IND,2012	9 	9 	10 	8 	6 	0 	: u	34 	7 	2 	7 	1 	9 	14 	5 	3 	1 	5 	0 	16 	2 	9 	22 	7 	1 	3 	0 n	0 	0 n	25 	30 u	24 	16 	34 	3 	0 n	1 
I_IHDDAY,Y25_54LO,PC_IND_IU3,2012	15 	15 	16 	13 	9 	0 	: u	36 	9 	3 	13 	4 	15 	19 	15 u	8 	2 	8 	0 	21 	5 	13 	24 	11 	4 	5 	3 	0 u	1 u	27 	33 u	36 	16 	36 	: u	1 	5 
I_IHDDAY,Y25_54LO,PC_IND_IUHD,2012	55 	55 	55 	52 	28 	: u	: u	60 	49 	20 u	49 	: u	45 	57 	: u	67 	: u	45 u	: u	51 u	: u	50 	61 	42 u	: u	41 	: u	: u	: u	53 	52 u	70 u	48 	60 u	: u	: u	40 
I_IHDDAY,Y25_54ME,PC_IND,2012	16 	16 	20 	16 	12 	3 	: u	35 	16 	7 	17 	4 	18 	17 	14 	12 	5 	4 	1 	29 	5 	26 	31 	19 	3 	7 	2 	7 	9 	30 	49 	35 	22 	32 	10 	4 	6 
I_IHDDAY,Y25_54ME,PC_IND_IU3,2012	19 	19 	22 	18 	13 	5 	: u	36 	17 	9 	20 	5 	21 	19 	17 	15 	8 	5 	1 	30 	6 	28 	31 	21 	4 	7 	3 	8 	11 	31 	49 	38 	22 	32 	19 	5 	8 
I_IHDDAY,Y25_54ME,PC_IND_IUHD,2012	56 	56 	58 	56 	34 	58 	: u	61 	62 	42 	59 	26 	52 	51 	43 	74 	44 	34 	9 	53 	45 	59 	62 	48 	25 	34 	45 	33 	34 	56 	70 	58 	49 	49 	50 	30 	46 
I_IHDDAY,Y25_64,PC_IND,2012	16 	16 	18 	14 	11 	4 	: u	31 	13 	7 	19 	5 	16 	18 	11 	9 	8 	6 	2 	24 	5 	15 	27 	17 	4 	5 	3 	5 	9 	26 	42 	36 	20 	29 	11 	4 	4 
I_IHDDAY,Y25_64,PC_IND_IU3,2012	20 	20 	23 	18 	13 	8 	: u	33 	15 	9 	24 	9 	22 	21 	17 	14 	13 	8 	3 	26 	7 	22 	28 	20 	7 	8 	6 	7 	11 	27 	44 	40 	20 	30 	21 	7 	10 
I_IHDDAY,Y25_64,PC_IND_IUHD,2012	57 	57 	59 	56 	36 	60 	: u	59 	59 	44 	63 	38 	55 	56 	46 	72 	51 	44 	18 	51 	45 	58 	62 	49 	31 	41 	52 	28 	35 	53 	67 	62 	46 	49 	57 	37 	51 
I_IHDDAY,Y25_64HI,PC_IND,2012	27 	27 	30 	24 	16 	13 	: u	40 	18 	11 	32 	12 	28 	30 	22 	19 	16 	12 	4 	28 	10 	38 	35 	26 	11 	13 	12 	10 	14 	31 	52 	48 	25 	32 	25 	16 	17 
I_IHDDAY,Y25_64HI,PC_IND_IU3,2012	28 	28 	31 	25 	17 	14 	: u	40 	19 	12 	33 	14 	30 	31 	24 	21 	18 	13 	5 	28 	10 	39 	35 	27 	11 	13 	12 	11 	15 	31 	52 	50 	25 	32 	28 	17 	18 
I_IHDDAY,Y25_64HI,PC_IND_IUHD,2012	60 	61 	63 	60 	42 	62 	: u	62 	58 	47 	68 	45 	61 	63 	46 	74 	54 	53 	23 	50 	45 	71 	65 	53 	35 	47 	59 	27 	37 	51 	72 	66 	45 	49 	68 	49 	58 
I_IHDDAY,Y25_64LO,PC_IND,2012	6 	6 	7 	6 	4 	0 	: u	26 	5 	2 	6 	1 	7 	10 	2 	3 	0 n	4 	0 	13 	1 	6 	16 	6 	1 	2 	0 n	0 	2 	14 	21 	19 	12 	26 	2 	0 n	1 
I_IHDDAY,Y25_64LO,PC_IND_IU3,2012	13 	13 	14 	11 	7 	0 	: u	29 	7 	3 	11 	4 	13 	15 	12 u	8 	2 	7 	0 	18 	4 	11 	18 	10 	3 	4 	3 	0 	6 u	19 	24 	30 	13 	29 	: u	1 	5 
I_IHDDAY,Y25_64LO,PC_IND_IUHD,2012	53 	53 	53 	50 	27 	: u	: u	57 	47 	24 u	50 	: u	44 	54 	: u	66 	: u	45 u	: u	50 u	50 u	44 	59 	44 	: u	39 	: u	: u	: u	54 	48 u	66 	44 	54 u	: u	: u	40 
I_IHDDAY,Y25_64ME,PC_IND,2012	13 	13 	17 	13 	10 	3 	: u	29 	13 	6 	15 	3 	16 	14 	12 	10 	4 	3 	0 n	26 	4 	23 	26 	16 	2 	6 	1 	5 	7 	25 	41 	30 	19 	27 	9 	3 	6 
I_IHDDAY,Y25_64ME,PC_IND_IU3,2012	17 	17 	20 	16 	12 	5 	: u	30 	15 	7 	18 	6 	19 	17 	15 	14 	7 	5 	1 	27 	5 	25 	27 	19 	4 	7 	3 	7 	9 	26 	43 	33 	19 	27 	17 	5 	8 
I_IHDDAY,Y25_64ME,PC_IND_IUHD,2012	54 	54 	56 	55 	34 	59 	: u	57 	60 	42 	58 	27 	51 	51 	43 	73 	44 	33 	9 	52 	45 	55 	60 	47 	25 	34 	44 	31 	32 	56 	67 	56 	47 	46 	49 	28 	46 
I_IHDDAY,Y25_64_RETIROTH,PC_IND,2012	5 	5 	6 	3 	4 	1 	: u	18 	4 	2 	6 	1 	4 	4 	1 	2 	2 	1 	0 n	7 	1 	4 	5 	7 	0 n	0 n	0 n	0 n	2 	13 	17 	17 	: 	12 	2 	0 	1 
I_IHDDAY,Y25_64_RETIROTH,PC_IND_IU3,2012	9 	9 	10 	6 	6 	5 	: u	23 	6 	4 	10 	2 	9 	6 	4 	6 	6 	2 	1 	9 	3 	8 	6 	11 	1 	1 	1 	1 	4 	17 	22 u	23 	: 	14 	: u	0 	3 
I_IHDDAY,Y25_64_RETIROTH,PC_IND_IUHD,2012	44 	44 	45 	41 	25 	: u	: u	52 	45 	26 u	43 	: u	43 	37 	32 u	62 	45 u	: u	: u	30 u	42 u	32 u	32 	43 	18 	: u	: u	: u	28 u	52 	50 u	50 	: 	: u	: u	: u	34 
I_IHDDAY,Y25_64_SALSELFFAM,PC_IND,2012	19 	19 	22 	17 	14 	6 	: u	33 	16 	9 	26 	8 	21 	22 	15 	11 	9 	8 	2 	28 	7 	21 	32 	18 	6 	6 	4 	7 	11 	29 	45 	41 	21 	32 	16 	6 	7 
I_IHDDAY,Y25_64_SALSELFFAM,PC_IND_IU3,2012	23 	23 	25 	20 	15 	9 	: u	34 	17 	10 	29 	12 	26 	24 	18 	16 	14 	9 	3 	29 	8 	26 	33 	21 	8 	9 	7 	8 	12 	30 	46 	44 	21 	32 	23 	9 	13 
I_IHDDAY,Y25_64_SALSELFFAM,PC_IND_IUHD,2012	59 	59 	61 	58 	39 	60 	: u	60 	60 	45 	68 	43 	58 	58 	47 	73 	52 	46 	18 	53 	47 	61 	65 	47 	32 	43 	54 	29 	34 	54 	69 	64 	47 	50 	58 	38 	53 
I_IHDDAY,Y25_64_UNE,PC_IND,2012	9 	9 	10 	8 	5 	1 	: u	16 	6 	5 	10 	3 	9 	16 	10 	6 	7 	2 	1 	9 u	2 	10 u	23 	19 	1 	2 	1 	4 	6 	16 	31 u	24 	13 	: u	6 	3 	4 
I_IHDDAY,Y25_64_UNE,PC_IND_IU3,2012	13 	13 	15 	13 	6 	3 	: u	16 	8 	7 	13 	5 	14 	19 	19 	12 	12 	3 	2 	9 u	3 	: u	24 	21 	3 	4 	2 	6 	10 	17 	34 u	28 	13 	: u	16 	7 	8 
I_IHDDAY,Y25_64_UNE,PC_IND_IUHD,2012	47 	47 	48 	47 	21 	47 u	: u	36 u	47 	: u	50 	20 	40 	56 	42 	69 	52 u	28 	16 u	: u	: u	: u	61 u	65 u	24 u	30 u	: u	22 u	43 u	54 u	: u	49 	33 u	: u	49 u	: u	55 
I_IHDDAY,Y35_44,PC_IND,2012	18 	19 	22 	16 	13 	7 	: u	36 	16 	9 	23 	6 	19 	21 	15 	10 	9 	7 	2 	27 	7 	16 	31 	16 	5 	5 	3 	7 	11 	35 	57 	44 	27 	38 	9 	4 	4 
I_IHDDAY,Y35_44,PC_IND_IU3,2012	22 	22 	25 	19 	14 	10 	: u	37 	17 	10 	26 	8 	23 	23 	18 	16 	12 	8 	2 	28 	8 	19 	31 	17 	7 	7 	5 	8 	12 	35 	58 	46 	27 	38 	16 	6 	9 
I_IHDDAY,Y35_44,PC_IND_IUHD,2012	57 	57 	59 	56 	37 	66 	: u	58 	58 	46 	62 	33 	54 	56 	46 	73 	50 	43 	16 	49 	51 	52 	61 	40 	32 	40 	49 	29 	38 	56 	74 	63 	52 	54 	47 u	34 u	49 
I_IHDDAY,Y45_54,PC_IND,2012	10 	10 	12 	9 	9 	3 	: u	24 	8 	4 	13 	3 	9 	13 	5 	6 	4 	3 	1 	16 	3 	12 	20 	10 	2 	3 	2 	2 	5 	20 	35 	23 	13 	18 	9 	2 	1 
I_IHDDAY,Y45_54,PC_IND_IU3,2012	14 	14 	16 	12 	10 	5 	: u	25 	9 	5 	17 	6 	13 	16 	9 	11 	7 	4 	1 	17 	4 	18 	21 	13 	3 	5 	4 	3 	7 	21 	35 	27 	13 	19 	20 	4 	4 
I_IHDDAY,Y45_54,PC_IND_IUHD,2012	50 	50 	51 	50 	34 	51 	: u	52 	50 	41 	60 	42 u	44 	53 	37 	69 	46 	35 	15 	40 	40 	66 u	56 	42 	24 	42 	65 	19 u	30 	46 	59 	50 	36 	33 	: u	31 u	48 
I_IHDDAY,Y55_64,PC_IND,2012	5 	5 	6 	4 	4 	1 	: u	12 	4 	1 	5 	1 	4 	6 	2 	3 	2 	1 	0 n	10 	2 	2 	9 	8 	1 	1 	0 n	1 	2 	9 	17 	14 	6 	9 	0 n	0 n	0 n
I_IHDDAY,Y55_64,PC_IND_IU3,2012	9 	9 	10 	7 	6 	4 	: u	13 	5 	2 	9 	3 	8 	9 	5 	8 	7 	2 	0 n	12 	4 	4 	10 	12 	2 	2 	2 	2 	3 	11 	19 	17 	7 	10 	2 u	1 	2 
I_IHDDAY,Y55_64,PC_IND_IUHD,2012	44 	44 	45 	45 	25 	61 u	: u	39 	43 	: u	51 	: u	39 	48 	34 u	65 	55 u	34 u	2 u	38 	44 	: u	46 	49 	19 	21 u	38 u	: u	23 u	43 	51 	44 	32 	26 	: u	: u	42 u
I_IHDDAY,Y55_74,PC_IND,2012	3 	3 	4 	3 	3 	1 	: u	8 	2 	1 	3 	0 n	2 	5 	1 	2 	2 	0 n	0 n	8 	1 	1 	7 	5 	0 n	1 	0 n	0 n	1 	6 	12 	9 	5 	7 	3 	0 n	0 n
I_IHDDAY,Y55_74,PC_IND_IU3,2012	7 	7 	8 	6 	5 	4 	: u	10 	4 	1 	7 	3 	7 	8 	5 	7 	7 	1 	0 n	10 	3 	4 	8 	9 	1 	2 	2 	1 	3 	9 	15 	13 	5 	8 	13 	1 	2 
I_IHDDAY,Y55_74,PC_IND_IUHD,2012	42 	42 	42 	43 	25 	55 u	: u	34 	38 	: u	48 	32 u	37 	48 	32 	63 	53 u	26 u	2 u	38 	46 	21 u	45 	44 	18 	29 u	38 u	: u	23 u	41 	47 	41 	31 	26 	: u	: u	46 u
I_IHDDAY,Y55_74HI,PC_IND,2012	9 	9 	10 	8 	6 	3 	: u	14 	5 	1 	8 	2 	9 	12 	4 	8 	6 	2 	0 n	11 	4 	14 u	14 	15 	2 	4 	1 	2 	6 	10 	22 	15 	6 	11 	8 	2 u	3 
I_IHDDAY,Y55_74HI,PC_IND_IU3,2012	11 	11 	12 	10 	7 	6 	: u	15 	6 	2 	10 	3 	11 	13 	6 	12 	10 	3 	0 n	12 	5 	15 u	15 	20 	2 	5 	2 	3 	7 	11 	23 	17 	6 	11 	20 u	3 u	4 
I_IHDDAY,Y55_74HI,PC_IND_IUHD,2012	45 	45 	47 	47 	26 	55 u	: u	42 	42 	: u	47 	: u	41 	55 	40 u	71 	52 u	35 u	2 u	39 u	43 u	: u	51 	61 	15 u	36 u	: u	: u	: u	33 	55 	44 	27 u	28 u	: u	: u	: u
I_IHDDAY,Y55_74LO,PC_IND,2012	1 	1 	1 	1 	1 	0 	: u	5 	0 n	0 n	1 	0 	0 n	2 	0 	0 n	0 	0 	0 	2 	0 n	0 n	3 	2 	0 	0 n	0 n	0 	2 	2 	3 	5 	1 	3 	2 	0 	0 
I_IHDDAY,Y55_74LO,PC_IND_IU3,2012	5 	5 	5 	3 	3 	0 u	: u	8 	1 	3 u	5 	0 u	2 	4 	: u	3 	0 u	0 u	: u	3 u	3 	1 	4 	8 	0 u	0 n	2 u	: u	: u	5 	5 	12 	2 	5 u	: u	0 u	0 
I_IHDDAY,Y55_74LO,PC_IND_IUHD,2012	37 	37 	37 	33 	18 	: 	: u	29 	: u	: u	56 u	: u	27 u	34 	: 	51 u	: 	: u	: 	: u	: u	: u	41 u	: u	: 	: u	: u	: u	: u	: u	: u	50 u	: u	: u	: u	: u	: u
I_IHDDAY,Y55_74ME,PC_IND,2012	3 	3 	4 	3 	4 	0 n	: u	8 	2 	0 n	4 	1 	3 	5 	1 	3 	1 	0 n	0 	10 	1 	0 u	4 	3 	0 n	2 	0 n	0 n	0 n	7 	13 	8 	6 	6 	1 	0 	1 
I_IHDDAY,Y55_74ME,PC_IND_IU3,2012	6 	6 	7 	5 	5 	2 	: u	9 	3 	0 n	6 	5 	5 	7 	4 	6 	3 	0 n	0 	13 	3 	0 u	5 	5 	1 	2 	1 	1 	1 	9 	16 	11 	6 	7 	6 u	0 	2 
I_IHDDAY,Y55_74ME,PC_IND_IUHD,2012	39 	39 	40 	41 	28 	: u	: u	32 	38 	: u	43 	: u	31 	49 	28 u	60 	: u	: u	: u	41 u	51 u	: u	33 	29 	23 u	: u	: u	: u	9 u	49 	47 	36 	35 u	27 u	: u	: u	: u
I_IHDDAY,Y65_74,PC_IND,2012	1 	1 	2 	1 	2 	0 n	: u	4 	1 	0 	1 	0 n	1 	2 	0 n	1 	1 	0 	0 	5 	1 	1 	3 	1 	0 n	0 n	0 n	0 	0 n	3 	7 	4 	2 	4 	5 	0 	0 n
I_IHDDAY,Y65_74,PC_IND_IU3,2012	4 	4 	4 	3 	4 	2 	: u	6 	2 	0 	4 	3 u	3 	5 	3 	5 	7 	0 	0 	7 	2 	3 u	4 	3 	0 n	3 	1 	0 u	2 	5 	10 	6 	2 	5 	: u	0 u	3 
I_IHDDAY,Y65_74,PC_IND_IUHD,2012	34 	34 	34 	35 	23 	: u	: u	24 	25 	: u	35 	: u	24 u	46 	: u	57 u	: u	: u	: u	37 u	: u	: u	38 	24 u	: u	: u	: u	: u	: u	34 u	39 u	32 	: u	: u	: u	: u	: u
I_IHDDAY,Y75_MAX,PC_IND,2012	: 	: 	: 	: 	: 	: 	: u	: 	0 n	: 	: 	: 	0 n	: 	: 	0 	: 	: 	: 	: 	: 	: 	: 	: 	: 	: 	: 	: 	0 	: 	: 	0 n	: 	2 	: 	: 	: 
I_IHDDAY,Y75_MAX,PC_IND_IU3,2012	: 	: 	: 	: 	: 	: 	: u	: 	0 n	: 	: 	: 	2 	: 	: 	0 	: 	: 	: 	: 	: 	: 	: 	: 	: 	: 	: 	: 	: u	: 	: 	1 	: 	3 u	: 	: 	: 
I_IHDDAY,Y75_MAX,PC_IND_IUHD,2012	: 	: 	: 	: 	: 	: 	: u	: 	: u	: 	: 	: 	: u	: 	: 	: u	: 	: 	: 	: 	: 	: 	: 	: 	: 	: 	: 	: 	: 	: 	: 	: u	: 	: u	: 	: 	: 
I_IHDLTWK,CB_EU_FOR,PC_IND,2012	5 	5 	5 	4 	6 	: u	: u	9 	2 	0 u	6 	8 u	6 	4 	: 	: u	3 	3 	8 u	10 	1 	9 u	11 	4 	0 u	9 	: 	: u	6 u	7 u	4 u	9 	11 	13 u	: 	: 	: 
I_IHDLTWK,CB_EU_FOR,PC_IND_IU3,2012	6 	6 	6 	6 	7 	: u	: u	9 	3 	0 u	7 	11 u	9 	6 	: 	: u	4 	5 u	: u	11 	1 	: u	11 u	5 	: u	11 	: 	: u	7 u	7 u	5 u	10 u	11 	13 u	: 	: 	: 
I_IHDLTWK,CB_EU_FOR,PC_IND_IUHD,2012	17 	17 	17 	19 	18 	: u	: u	21 u	17 	: u	18 	: u	22 	15 	: 	: u	19 	: u	: u	24 	: u	: u	21 u	12 	: u	41 u	: 	: u	: u	: u	: u	13 u	27 u	20 u	: 	: 	: 
I_IHDLTWK,CB_EXT_EU,PC_IND,2012	5 	5 	5 	4 	12 	10 u	: 	6 	2 	2 	: 	7 	6 	5 	8 	: u	3 	2 	1 	14 	3 u	4 u	5 	4 	5 u	5 	: u	2 	: u	15 	13 	6 	7 u	6 u	: 	: 	: 
I_IHDLTWK,CB_EXT_EU,PC_IND_IU3,2012	7 	7 	7 	6 	16 	11 u	: 	6 	3 	3 	: 	16 	8 	6 	13 	: u	6 	4 	3 	15 	4 u	5 u	6 	5 	: u	7 	: u	3 	: u	16 u	14 	7 	7 u	6 u	: 	: 	: 
I_IHDLTWK,CB_EXT_EU,PC_IND_IUHD,2012	16 	16 	16 	20 	39 	: u	: 	11 	13 	25 u	: 	: u	25 	15 	27 u	: u	22 	33 u	22 u	26 u	: u	: u	12 	12 u	: u	34 u	: u	: u	: u	31 u	21 	11 	: u	: u	: 	: 	: 
I_IHDLTWK,CB_FOR,PC_IND,2012	5 	5 	5 	4 	9 	11 u	: u	7 	2 	2 	7 	7 	6 	4 	8 	: u	3 	2 	2 	11 	1 	6 	6 	4 	3 	6 	: u	2 	5 u	12 	11 	7 	10 	9 	2 	: 	: 
I_IHDLTWK,CB_FOR,PC_IND_IU3,2012	7 	7 	7 	6 	12 	13 u	: u	7 	3 	3 	8 	15 	8 	6 	13 	: u	5 	4 	3 	12 	2 	9 u	7 	5 	9 u	8 	: u	3 	7 u	13 	12 	7 	10 	9 	4 	: 	: 
I_IHDLTWK,CB_FOR,PC_IND_IUHD,2012	16 	16 	16 	20 	29 	: u	: u	13 	14 	22 u	20 	47 u	24 	15 	27 u	: u	20 	34 u	28 u	24 	: u	: u	14 	12 	: u	36 	: u	: u	: u	23 u	19 	11 	25 	18 u	11 u	: 	: 
I_IHDLTWK,CB_NAT,PC_IND,2012	6 	6 	6 	5 	11 	1 	: u	9 	4 	5 	5 	5 	6 	7 	5 	: u	4 	4 	4 	13 	2 	5 	7 	6 	6 	4 	1 	7 	8 	12 	7 	9 	13 	13 	3 	: 	: 
I_IHDLTWK,CB_NAT,PC_IND_IU3,2012	8 	8 	8 	7 	13 	2 	: u	10 	5 	6 	7 	8 	9 	8 	9 	: u	6 	5 	6 	14 	3 	7 	7 	8 	10 	7 	2 	10 	11 	13 	8 	11 	14 	14 	6 	: 	: 
I_IHDLTWK,CB_NAT,PC_IND_IUHD,2012	20 	20 	19 	20 	35 	13 	: u	18 	17 	25 	18 	30 	19 	20 	18 	: u	21 	21 	32 	25 	18 	17 	15 	17 	41 	31 	15 	30 	31 	27 	12 	17 	30 	23 	13 	: 	: 
I_IHDLTWK,CC_EU_FOR,PC_IND,2012	5 	5 	5 	5 	6 	: u	: u	9 	3 	: u	7 	9 u	5 	5 	: 	: u	3 	: u	: u	11 	0 u	: u	4 u	4 	: u	4 u	: 	: 	: u	: u	: u	9 u	11 	8 u	: 	: 	: 
I_IHDLTWK,CC_EU_FOR,PC_IND_IU3,2012	7 	7 	7 	6 	7 	: u	: u	10 	3 	: u	8 	: u	7 	6 	: 	: u	4 	: u	: u	13 	: u	: u	4 u	4 	: u	5 u	: 	: 	: u	: u	: u	11 u	12 	8 u	: 	: 	: 
I_IHDLTWK,CC_EU_FOR,PC_IND_IUHD,2012	17 	17 	17 	18 	17 	: u	: u	20 u	12 u	: u	24 	: u	19 	17 u	: 	: u	17 	: u	: u	24 	: u	: u	: u	10 	: u	: u	: 	: 	: u	: u	: u	16 u	34 u	: u	: 	: 	: 
I_IHDLTWK,CC_EXT_EU,PC_IND,2012	5 	5 	5 	4 	12 	7 u	: u	6 	4 	3 	: 	2 	6 	5 	: 	: u	2 	2 	4 	9 u	4 u	: u	12 u	4 u	: u	5 	: u	0 u	: u	21 u	15 u	5 	: u	13 u	: 	: 	: 
I_IHDLTWK,CC_EXT_EU,PC_IND_IU3,2012	7 	7 	7 	7 	18 	9 u	: u	7 	6 	4 	: 	5 u	9 	8 	: 	: u	4 	4 	6 	9 u	5 u	: u	13 u	6 u	: u	6 	: u	0 u	: u	22 u	18 u	6 	: u	13 u	: 	: 	: 
I_IHDLTWK,CC_EXT_EU,PC_IND_IUHD,2012	16 	16 	16 	25 	43 u	: u	: u	12 	24 u	25 	: 	: u	29 	19 	: 	: u	21 u	25 	: u	: u	: u	: u	: u	: u	: u	: u	: 	: u	: 	: u	: u	8 	: u	: u	: 	: 	: 
I_IHDLTWK,CC_FOR,PC_IND,2012	5 	5 	5 	4 	7 	8 u	: u	7 	4 	3 	: 	2 	6 	5 	: 	: u	3 	2 	6 	11 	2 	3 u	8 	4 	5 u	4 	: u	0 u	: u	19 u	10 u	6 	9 	10 	3 	: 	: 
I_IHDLTWK,CC_FOR,PC_IND_IU3,2012	7 	7 	7 	7 	9 	13 u	: u	8 	4 	4 	: 	6 	8 	7 	: 	: u	4 	4 	9 	12 	3 u	: u	8 u	5 	: u	6 	: u	0 u	: u	20 u	12 u	6 	9 	10 	5 u	: 	: 
I_IHDLTWK,CC_FOR,PC_IND_IUHD,2012	16 	16 	16 	21 	23 	: u	: u	15 	18 	24 	: 	: u	25 	17 	: 	: u	19 	24 	: u	24 	: u	: u	16 u	11 	: u	: u	: 	: u	: u	: u	19 u	9 	25 u	18 u	: u	: 	: 
I_IHDLTWK,CC_NAT,PC_IND,2012	6 	6 	6 	5 	11 	1 	: u	9 	4 	5 	5 	5 	6 	7 	5 	: u	4 	4 	4 	13 	2 	5 	6 	6 	6 	4 	1 	7 	8 	12 	8 	9 	13 	13 	3 	: 	: 
I_IHDLTWK,CC_NAT,PC_IND_IU3,2012	8 	8 	8 	7 	13 	2 	: u	10 	5 	6 	7 	9 	9 	8 	9 	: u	6 	5 	6 	13 	3 	7 	7 	8 	10 	7 	2 	9 	11 	13 	8 	11 	14 	14 	5 	: 	: 
I_IHDLTWK,CC_NAT,PC_IND_IUHD,2012	20 	20 	19 	20 	35 	13 	: u	17 	17 	25 	18 	31 	19 	20 	18 	: u	21 	21 	31 	26 	18 	17 	15 	17 	41 	32 	15 	29 	31 	26 	13 	17 	30 	23 	13 	: 	: 
I_IHDLTWK,EMPL_UNE,PC_IND,2012	6 	6 	7 	6 	12 	1 	: u	10 	5 	5 	6 	6 	7 	7 	6 	3 	4 	4 	4 	13 	3 	6 	7 	7 	7 	4 	1 	8 	10 	13 	7 	10 	13 	15 	3 	3 	3 
I_IHDLTWK,EMPL_UNE,PC_IND_IU3,2012	8 	8 	8 	7 	13 	2 	: u	10 	5 	6 	7 	9 	9 	8 	8 	5 	6 	5 	6 	13 	3 	7 	7 	8 	10 	6 	2 	9 	11 	14 	8 	10 	13 	16 	5 	4 	5 
I_IHDLTWK,EMPL_UNE,PC_IND_IUHD,2012	19 	19 	18 	20 	34 	14 	: u	17 	16 	25 	17 	31 	20 	19 	19 	22 	21 	21 	34 	23 	18 	16 	14 	17 	40 	31 	14 	31 	32 	25 	11 	15 	29 	24 	14 	21 	19 
I_IHDLTWK,F_I0_2,PC_IND,2012	3 	3 	3 	3 	7 	0 n	: u	8 	3 	5 	2 	1 	3 	5 	1 	1 	1 	5 	4 	10 	1 	4 	4 	3 	4 	1 	0 n	5 	9 	11 	10 	2 	12 	10 	1 	1 	1 
I_IHDLTWK,F_I0_2,PC_IND_IU3,2012	7 	7 	6 	6 	12 	2 	: u	9 	5 	8 	4 	10 	8 	7 	2 u	3 	6 	9 	10 	15 	2 	7 	5 	7 	12 	4 	1 	12 	16 	14 	12 	4 	14 	11 	: u	4 	4 
I_IHDLTWK,F_I0_2,PC_IND_IUHD,2012	22 	22 	21 	23 	37 	: u	: u	16 	19 	28 	16 	: u	25 	24 	: u	21 	26 u	29 	32 	29 u	13 u	29 u	14 	14 	44 	37 	18 u	: u	37 	34 	21 	13 u	35 	18 u	: u	: u	25 
I_IHDLTWK,F_I3_4,PC_IND,2012	5 	5 	6 	5 	11 	1 	: u	11 	4 	3 	5 	7 	7 	7 	5 	2 	3 	3 	3 	11 	1 	14 	8 	7 	4 	10 	1 	4 	7 	10 	6 	9 	13 	11 	5 	4 	3 
I_IHDLTWK,F_I3_4,PC_IND_IU3,2012	7 	7 	7 	7 	12 	1 	: u	11 	4 	4 	6 	11 	9 	8 	7 	4 	5 	4 	4 	11 	2 	14 	9 	9 	7 	10 	1 	5 	10 	12 	6 	10 	13 	12 	11 	7 	4 
I_IHDLTWK,F_I3_4,PC_IND_IUHD,2012	22 	22 	21 	24 	38 	15 	: u	25 	21 	26 	20 	46 	21 	23 	20 	21 	24 	30 	33 	24 	18 	29 	20 	23 	45 	52 	20 	20 	38 	31 	11 	17 	35 	28 	32 u	43 u	20 
I_IHDLTWK,F_I5_8,PC_IND,2012	8 	8 	8 	7 	12 	2 	: u	12 	5 	6 	8 	4 	7 	8 	11 	5 	6 	4 	5 	16 	3 	7 	6 	5 	10 	8 	2 	15 	9 	16 	11 	11 	17 	19 	2 	3 	5 
I_IHDLTWK,F_I5_8,PC_IND_IU3,2012	8 	8 	8 	7 	12 	3 	: u	12 	5 	7 	8 	5 	8 	8 	12 	6 	8 	5 	6 	16 	3 	7 	6 	5 	11 	8 	2 	16 	9 	16 	11 	11 	17 	19 	3 	4 	5 
I_IHDLTWK,F_I5_8,PC_IND_IUHD,2012	21 	21 	19 	21 	38 	14 	: u	20 	21 	35 	19 	24 	18 	19 	31 	25 	26 	24 	40 	31 	17 	14 u	13 	13 	45 	38 	12 	52 	30 	32 	17 	17 	35 	32 	8 u	11 u	17 
I_IHDLTWK,F_Y16_24,PC_IND,2012	8 	8 	8 	9 	17 	2 	: u	6 	7 	7 	5 	15 	11 	11 	9 	4 	8 	10 	11 	16 	4 	14 	5 	7 	14 	15 	2 	16 	15 	17 	6 	6 	23 	8 	13 	5 	3 
I_IHDLTWK,F_Y16_24,PC_IND_IU3,2012	9 	9 	9 	9 	18 	3 	: u	6 	7 	7 	5 	17 	11 	11 	10 	5 	9 	11 	12 	16 	5 	14 	5 	7 	15 	15 	2 	17 	15 	17 	6 	6 	23 	8 	15 	6 	6 
I_IHDLTWK,F_Y16_24,PC_IND_IUHD,2012	16 	16 	14 	17 	34 	13 	: u	8 	14 	19 	10 	44 	17 	17 	13 	14 	21 	25 	30 	21 	19 	22 	6 	10 	43 	42 	16 	30 	32 	27 	8 	7 	34 	11 u	28 u	18 u	20 
I_IHDLTWK,F_Y16_74,PC_IND,2012	5 	5 	6 	5 	10 	1 	: u	9 	4 	4 	5 	4 	5 	6 	4 	2 	4 	4 	4 	12 	1 	6 	6 	6 	6 	4 	1 	6 	8 	13 	8 	9 	14 	13 	4 	3 	1 
I_IHDLTWK,F_Y16_74,PC_IND_IU3,2012	7 	7 	7 	7 	12 	2 	: u	10 	5 	6 	7 	8 	8 	8 	7 	4 	6 	5 	6 	13 	2 	10 	7 	8 	9 	8 	2 	9 	10 	14 	9 	10 	15 	14 	8 	5 	4 
I_IHDLTWK,F_Y16_74,PC_IND_IUHD,2012	21 	21 	20 	22 	38 	15 	: u	19 	20 	31 	19 	37 	21 	22 	19 	22 	25 	27 	35 	27 	17 	25 	16 	19 	45 	43 	16 	35 	35 	32 	15 	17 	35 	26 	22 	26 	20 
I_IHDLTWK,F_Y25_54,PC_IND,2012	6 	6 	7 	6 	11 	1 	: u	12 	4 	6 	6 	4 	6 	8 	5 	3 	4 	4 	3 	12 	2 	7 	9 	8 	7 	4 	1 	7 	9 	16 	10 	10 	15 	18 	3 	3 	1 
I_IHDLTWK,F_Y25_54,PC_IND_IU3,2012	8 	8 	8 	7 	12 	2 	: u	12 	5 	7 	7 	6 	8 	9 	7 	4 	6 	4 	4 	12 	2 	9 	9 	9 	9 	6 	2 	9 	10 	17 	11 	11 	15 	18 	5 	5 	4 
I_IHDLTWK,F_Y25_54,PC_IND_IUHD,2012	23 	23 	22 	25 	40 	16 	: u	20 	22 	37 	20 	34 	22 	24 	26 	26 	27 	30 	41 	26 	16 	25 	20 	23 	46 	46 	16 	39 	36 	32 	15 	17 	33 	30 	16 u	29 u	20 
I_IHDLTWK,F_Y25_64,PC_IND,2012	5 	5 	6 	5 	10 	1 	: u	11 	4 	5 	6 	3 	5 	6 	4 	2 	3 	3 	3 	12 	1 	6 	7 	7 	5 	3 	1 	6 	7 	13 	9 	10 	13 	15 	2 	3 	1 
I_IHDLTWK,F_Y25_64,PC_IND_IU3,2012	7 	7 	7 	6 	12 	2 	: u	12 	4 	6 	7 	6 	8 	7 	7 	4 	6 	4 	4 	13 	2 	9 	8 	8 	8 	6 	1 	8 	9 	14 	10 	11 	14 	16 	4 	5 	3 
I_IHDLTWK,F_Y25_64,PC_IND_IUHD,2012	24 	23 	22 	25 	41 	16 	: u	22 	24 	37 	21 	33 	22 	24 	26 	26 	28 	29 	41 	29 	16 	27 	20 	24 	47 	44 	16 	38 	36 	33 	16 	19 	35 	30 	16 u	32 u	21 
I_IHDLTWK,F_Y55_74,PC_IND,2012	2 	2 	2 	1 	4 	0 n	: u	7 	1 	0 n	2 	0 n	1 	2 	0 n	0 n	1 	0 n	0 n	8 	0 n	2 	2 	1 	1 	0 n	0 n	0 n	2 	5 	6 	7 	5 	7 	0 n	2 	0 n
I_IHDLTWK,F_Y55_74,PC_IND_IU3,2012	4 	4 	5 	3 	7 	1 	: u	9 	2 	1 	5 	1 	4 	3 	2 	2 	4 	1 	1 	12 	1 	6 	3 	3 	2 	1 	0 n	1 	5 	7 	7 	9 	6 	8 	2 u	10 u	3 
I_IHDLTWK,F_Y55_74,PC_IND_IUHD,2012	34 	34 	34 	32 	36 	: u	: u	36 	40 	: u	45 	: u	37 	27 	17 u	27 	: u	: u	: u	57 u	16 u	: u	22 	27 u	54 u	: u	: u	: u	41 u	43 	28 	39 	: u	38 u	: u	: u	: u
I_IHDLTWK,HHI_Q1,PC_IND,2012	3 	3 	4 	3 	5 	0 n	: u	8 	3 	2 	: 	4 	5 	: 	: 	2 	2 	2 	1 	7 	1 	4 	5 	4 	4 	1 	0 n	2 	5 	7 	7 	: 	11 	7 	: 	2 	: 
I_IHDLTWK,HHI_Q1,PC_IND_IU3,2012	7 	7 	6 	6 	9 	2 	: u	8 	4 	4 	: 	12 	11 	: 	: 	5 	5 	3 	4 	9 	2 	9 	5 	7 	12 	3 	2 	7 	10 	9 	9 	: 	13 	8 	: 	6 	: 
I_IHDLTWK,HHI_Q1,PC_IND_IUHD,2012	23 	23 	21 	22 	29 	: u	: u	13 	18 	31 u	: 	44 	31 	: 	: 	26 	22 	16 	24 	21 	21 	37 u	13 	16 	60 	26 u	: u	26 u	38 	24 	18 u	: 	36 	16 	: 	28 u	: 
I_IHDLTWK,HHI_Q2,PC_IND,2012	4 	4 	4 	4 	8 	0 n	: u	8 	3 	2 	: 	4 	6 	: 	: 	2 	3 	3 	2 	14 	1 	3 	7 	5 	5 	3 	1 	4 	8 	8 	9 	: 	10 	10 	: 	2 	: 
I_IHDLTWK,HHI_Q2,PC_IND_IU3,2012	6 	6 	6 	6 	12 	1 	: u	9 	4 	3 	: 	7 	8 	: 	: 	4 	6 	5 	4 	14 	2 	5 	7 	7 	10 	5 	2 	7 	11 	9 	10 	: 	10 	11 	: 	3 	: 
I_IHDLTWK,HHI_Q2,PC_IND_IUHD,2012	23 	23 	20 	21 	34 	16 	: u	17 	16 	20 	: 	28 	21 	: 	: 	24 	22 	29 	25 	29 	22 	13 	18 	14 	46 	36 	18 	28 u	35 	27 	17 	: 	26 	24 	: 	: u	: 
I_IHDLTWK,HHI_Q3,PC_IND,2012	5 	5 	5 	5 	12 	1 	: u	10 	4 	5 	: 	7 	8 	: 	: 	2 	5 	4 	5 	12 	2 	5 	8 	6 	7 	4 	1 	7 	10 	12 	14 	: 	16 	17 	: 	4 	: 
I_IHDLTWK,HHI_Q3,PC_IND_IU3,2012	7 	7 	7 	7 	14 	1 	: u	11 	5 	6 	: 	10 	8 	: 	: 	4 	6 	5 	6 	13 	3 	7 	8 	8 	10 	6 	2 	10 	12 	13 	14 	: 	16 	17 	: 	6 	: 
I_IHDLTWK,HHI_Q3,PC_IND_IUHD,2012	23 	23 	21 	21 	41 	13 	: u	21 	18 	31 	: 	32 	18 	: 	: 	21 	19 	27 	34 	23 	21 	16 	16 	18 	45 	37 	17 	35 	35 	29 	25 	: 	32 	26 	: 	39 u	: 
I_IHDLTWK,HHI_Q4,PC_IND,2012	6 	6 	6 	6 	13 	2 	: u	10 	6 	7 	: 	7 	7 	: 	: 	4 	6 	4 	7 	16 	3 	8 	7 	7 	8 	7 	1 	9 	10 	16 	7 	: 	15 	18 	: 	3 	: 
I_IHDLTWK,HHI_Q4,PC_IND_IU3,2012	7 	7 	7 	7 	14 	3 	: u	10 	6 	8 	: 	9 	8 	: 	: 	6 	7 	5 	8 	16 	4 	9 	7 	8 	10 	8 	2 	10 	10 	16 	8 	: 	15 	18 	: 	4 	: 
I_IHDLTWK,HHI_Q4,PC_IND_IUHD,2012	19 	19 	18 	19 	31 	14 	: u	22 	17 	23 	: 	20 u	14 	: 	: 	22 	20 	18 	32 	28 	16 	17 	12 	16 	33 	29 	12 	27 	25 	25 	11 	: 	24 	24 	: 	13 	: 
I_IHDLTWK,I0_2,PC_IND,2012	3 	3 	4 	3 	8 	0 n	: u	8 	4 	5 	3 	1 	4 	5 	2 	1 	1 	4 	4 	7 	1 	3 	5 	3 	5 	2 	0 n	5 	10 	10 	10 	4 	11 	9 	2 	1 	1 
I_IHDLTWK,I0_2,PC_IND_IU3,2012	7 	7 	7 	7 	13 	1 	: u	9 	5 	9 	7 	7 	8 	8 	8 	4 	5 	7 	10 	10 	2 	6 	6 	5 	12 	5 	1 	12 	17 	13 	12 	6 	12 	10 	8 u	3 	4 
I_IHDLTWK,I0_2,PC_IND_IUHD,2012	21 	21 	20 	21 	38 	16 u	: u	16 	16 	31 	26 	31 u	22 	22 	14 u	24 	20 	22 	29 	19 	11 	19 	15 	9 	40 	31 	11 	37 u	36 	28 	21 	15 	29 	16 	: u	22 u	22 
I_IHDLTWK,I3_4,PC_IND,2012	6 	6 	6 	5 	11 	1 	: u	9 	4 	4 	6 	6 	8 	7 	6 	3 	3 	3 	3 	13 	2 	10 	8 	7 	5 	8 	1 	4 	7 	11 	6 	10 	13 	13 	4 	4 	4 
I_IHDLTWK,I3_4,PC_IND_IU3,2012	7 	7 	7 	7 	13 	1 	: u	10 	4 	5 	7 	10 	9 	8 	8 	5 	4 	5 	5 	14 	3 	10 	8 	8 	8 	9 	2 	6 	9 	12 	6 	11 	13 	14 	7 	6 	5 
I_IHDLTWK,I3_4,PC_IND_IUHD,2012	20 	20 	19 	20 	34 	13 	: u	19 	16 	24 	20 	36 	20 	21 	17 	21 	19 	24 	31 	25 	20 	20 	17 	19 	43 	36 	20 	21 	30 	25 	10 	18 	32 	26 	17 	30 	20 
I_IHDLTWK,I5_8,PC_IND,2012	8 	8 	8 	7 	12 	3 	: u	10 	6 	5 	7 	6 	8 	8 	11 	6 	7 	4 	6 	14 	4 	6 	6 	7 	12 	8 	2 	14 	11 	15 	10 	10 	15 	17 	2 	3 	5 
I_IHDLTWK,I5_8,PC_IND_IU3,2012	8 	8 	8 	8 	13 	3 	: u	10 	6 	6 	7 	8 	9 	9 	13 	6 	8 	5 	7 	14 	4 	6 	6 	7 	12 	8 	2 	15 	12 	16 	11 	10 	15 	17 	3 	4 	5 
I_IHDLTWK,I5_8,PC_IND_IUHD,2012	18 	18 	17 	19 	32 	14 	: u	17 	20 	24 	15 	25 	18 	18 	26 	22 	21 	19 	34 	26 	19 	11 	12 	16 	38 	29 	11 	39 	30 	28 	15 	14 	29 	27 	5 	10 	17 
I_IHDLTWK,IND_BROAD,PC_IND,2012	7 	7 	7 	6 	12 	2 	: u	10 	5 	6 	6 	7 	7 	8 	8 	4 	5 	4 	6 	13 	3 	6 	7 	7 	8 	6 	1 	8 	10 	13 	8 	10 	13 	14 	4 	4 	3 
I_IHDLTWK,IND_BROAD,PC_IND_IU3,2012	8 	8 	8 	7 	13 	2 	: u	10 	5 	6 	7 	9 	9 	8 	9 	5 	6 	5 	7 	14 	3 	7 	7 	8 	10 	7 	2 	10 	11 	14 	8 	10 	14 	14 	5 	5 	5 
I_IHDLTWK,IND_BROAD,PC_IND_IUHD,2012	19 	19 	18 	20 	34 	13 	: u	18 	17 	25 	18 	30 	19 	20 	18 	22 	20 	21 	31 	25 	18 	17 	14 	16 	41 	31 	15 	29 	30 	27 	13 	16 	30 	23 	13 	20 	18 
I_IHDLTWK,IND_BROADX,PC_IND,2012	4 	4 	5 	5 	5 	: u	: u	: u	4 	: u	5 	6 	1 u	7 	: u	3 	: u	2 	6 	9 	2 u	: u	6 	2 	3 	3 	1 	: u	17 	: u	: u	10 u	: u	14 u	4 u	: u	3 
I_IHDLTWK,IND_BROADX,PC_IND_IU3,2012	6 	6 	6 	6 	6 	: u	: u	: u	5 	: u	6 	9 u	1 u	8 	: u	4 	: u	3 	9 u	9 	2 u	: u	6 	3 	6 	5 u	2 	: u	20 	: 	: u	: u	: u	14 u	6 u	: u	9 
I_IHDLTWK,IND_BROADX,PC_IND_IUHD,2012	27 	27 	26 	26 	: u	: 	: u	: 	45 u	: 	18 	: u	: u	26 	: u	24 	: u	10 u	: u	22 	: u	: 	21 u	: u	38 u	: u	18 u	: 	56 u	: 	: 	: u	: 	: u	: u	: 	26 
I_IHDLTWK,IND_DEG1,PC_IND,2012	6 	6 	6 	6 	9 	1 	: u	9 	: 	5 	: 	: 	6 	7 	6 	3 	: 	4 	6 	: 	3 	3 	6 	5 	9 	4 	1 	5 	8 	13 	10 	8 	14 	: 	: 	: 	: 
I_IHDLTWK,IND_DEG1,PC_IND_IU3,2012	8 	8 	8 	7 	12 	2 	: u	9 	: 	5 	: 	: 	8 	8 	8 	5 	: 	5 	8 	: 	3 	5 	7 	6 	12 	6 	2 	7 	10 	14 	11 	9 	14 	: 	: 	: 	: 
I_IHDLTWK,IND_DEG1,PC_IND_IUHD,2012	17 	17 	16 	18 	30 	9 	: u	15 	: 	19 	: 	: 	18 	17 	17 	20 	: 	16 	29 	: 	17 	12 	13 	13 	38 	27 	13 	24 	24 	23 	14 	14 	29 	: 	: 	: 	: 
I_IHDLTWK,IND_DEG2,PC_IND,2012	6 	6 	6 	6 	11 	1 	: u	9 	: 	4 	: 	: 	7 	7 	8 	3 	4 	3 	5 	12 	1 	7 	6 	6 	6 	4 	1 	7 	8 	12 	8 	8 	12 	: 	: 	: 	: 
I_IHDLTWK,IND_DEG2,PC_IND_IU3,2012	8 	8 	8 	8 	13 	2 	: u	9 	: 	6 	: 	: 	9 	9 	14 	5 	6 	5 	7 	13 	2 	10 	7 	8 	10 	7 	2 	10 	10 	14 	8 	9 	13 	: 	: 	: 	: 
I_IHDLTWK,IND_DEG2,PC_IND_IUHD,2012	20 	20 	19 	23 	35 	18 	: u	17 	: 	30 	: 	: 	21 	22 	27 	23 	21 	25 	35 	25 	14 	23 	14 	18 	45 	36 	23 	30 	30 	28 	13 	14 	30 	: 	: 	: 	: 
I_IHDLTWK,IND_DEG3,PC_IND,2012	5 	5 	6 	5 	11 	1 	: u	9 	: 	5 	: 	: 	5 	6 	3 	2 	: 	4 	3 	: 	2 	3 	8 	6 	4 	4 	0 n	6 	9 	11 	7 	14 	11 	: 	: 	: 	: 
I_IHDLTWK,IND_DEG3,PC_IND_IU3,2012	8 	8 	9 	8 	14 	2 	: u	10 	: 	6 	: 	: 	8 	8 	7 	4 	: 	6 	5 	: 	4 	6 	9 	8 	8 	8 	1 	9 	12 	12 	7 	16 	12 	: 	: 	: 	: 
I_IHDLTWK,IND_DEG3,PC_IND_IUHD,2012	26 	26 	24 	24 	37 	15 	: u	21 	: 	34 	: 	: 	21 	24 	15 	24 	: 	30 	37 	: 	23 	: u	21 	19 	42 	41 	15 	30 	36 	29 	13 	30 	35 	: 	: 	: 	: 
I_IHDLTWK,IND_NO1,PC_IND,2012	6 	6 	6 	5 	10 	: 	: u	9 	4 	: 	5 	4 	6 	7 	: 	3 	4 	: 	: 	12 	3 	: 	6 	6 	: 	4 	: 	: 	5 	12 	8 	9 	: 	: 	: 	: 	: 
I_IHDLTWK,IND_NO1,PC_IND_IU3,2012	8 	8 	8 	7 	13 	: 	: u	10 	5 	: 	7 	7 	8 	8 	: 	5 	6 	: 	: 	13 	3 	: 	7 	7 	: 	6 	: 	: 	6 	13 	9 	10 	: 	: 	: 	: 	: 
I_IHDLTWK,IND_NO1,PC_IND_IUHD,2012	18 	18 	18 	19 	34 	: 	: u	17 	17 	: 	19 	31 u	18 	20 	: 	22 	21 	: 	: 	25 	15 	: 	15 	16 	: 	25 	: 	: 	16 	27 	13 	16 	: 	: 	: 	: 	: 
I_IHDLTWK,IND_O1,PC_IND,2012	4 	4 	4 	4 	10 	1 	: u	: 	4 	5 	: 	5 	6 	2 	: 	2 	: 	4 	4 	: 	2 	5 	: 	6 	6 	4 	1 	6 	9 	: 	: 	7 	: 	: 	: 	: 	: 
I_IHDLTWK,IND_O1,PC_IND_IU3,2012	7 	7 	7 	7 	13 	2 	: u	: 	5 	6 	: 	9 	9 	3 	: 	4 	: 	5 	6 	: 	3 	7 	: 	9 	10 	7 	2 	9 	11 	: 	: 	9 	: 	: 	: 	: 	: 
I_IHDLTWK,IND_O1,PC_IND_IUHD,2012	27 	27 	23 	25 	38 	14 	: u	: 	19 	25 	: 	31 	22 	10 	: 	23 	: 	22 	32 	: 	20 	17 	: 	20 	41 	36 	15 	29 	33 	: 	: 	16 u	: 	: 	: 	: 	: 
I_IHDLTWK,IND_TOTAL,PC_IND,2012	5 	5 	6 	5 	10 	1 	: u	9 	4 	5 	5 	5 	6 	7 	5 	3 	4 	4 	4 	12 	2 	5 	6 	6 	6 	4 	1 	6 	8 	12 	8 	9 	13 	13 	3 	3 	2 
I_IHDLTWK,IND_TOTAL,PC_IND_IU3,2012	7 	7 	8 	7 	13 	2 	: u	10 	5 	6 	7 	9 	9 	8 	9 	5 	6 	5 	6 	13 	3 	7 	7 	7 	10 	7 	2 	9 	11 	13 	9 	10 	14 	14 	5 	5 	5 
I_IHDLTWK,IND_TOTAL,PC_IND_IUHD,2012	20 	20 	18 	20 	34 	14 	: u	17 	17 	25 	19 	31 	19 	20 	18 	22 	21 	22 	32 	25 	18 	17 	15 	16 	41 	32 	15 	29 	31 	27 	13 	16 	30 	23 	13 	22 	19 
I_IHDLTWK,ISCO0_5,PC_IND,2012	7 	7 	7 	7 	12 	2 	: u	11 	5 	6 	6 	8 	7 	8 	9 	: u	5 	5 	6 	13 	3 	7 	8 	8 	11 	6 	2 	11 	11 	15 	7 	9 	13 	16 	: 	5 	: 
I_IHDLTWK,ISCO0_5,PC_IND_IU3,2012	8 	8 	8 	7 	13 	3 	: u	11 	6 	7 	6 	9 	8 	8 	9 	: u	7 	5 	6 	14 	3 	8 	8 	8 	12 	7 	2 	11 	12 	15 	7 	10 	14 	16 	: 	6 	: 
I_IHDLTWK,ISCO0_5,PC_IND_IUHD,2012	18 	18 	17 	19 	31 	13 	: u	17 	17 	25 	13 	31 	17 	18 	21 	: u	21 	20 	32 	23 	17 	16 	13 	16 	38 	29 	12 	34 	32 	26 	10 	14 	27 	24 	: 	19 	: 
I_IHDLTWK,ISCO6_9,PC_IND,2012	5 	5 	5 	4 	10 	0 n	: u	8 	3 	3 	6 	1 	6 	7 	4 	: u	1 	3 	2 	8 	2 	3 	6 	6 	3 	2 	0 n	4 	9 	11 	7 	10 	11 	13 	: 	2 	: 
I_IHDLTWK,ISCO6_9,PC_IND_IU3,2012	7 	7 	7 	6 	13 	1 	: u	9 	3 	4 	8 	3 	9 	9 	7 	: u	3 	5 	4 	9 	3 	6 	6 	8 	6 	4 	1 	5 	12 	12 	8 	12 	11 	14 	: 	3 	: 
I_IHDLTWK,ISCO6_9,PC_IND_IUHD,2012	20 	20 	19 	20 	41 	18 u	: u	18 	11 	25 	24 	22 u	23 	23 	23 u	: u	23 u	26 	36 	18 	25 	15 u	13 	21 	42 	32 	20 	23 u	37 	23 	13 	18 	32 	23 	: 	: u	: 
I_IHDLTWK,ISCO_ICT,PC_IND,2012	10 	10 	10 	9 	12 	3 	: u	10 u	8 	5 	: u	: u	13 	6 	: 	: u	12 u	6 	7 u	12 u	6 	: u	2 u	4 	25 	19 	4 	14 	17 	15 	4 u	14 u	: u	: u	: 	: u	: 
I_IHDLTWK,ISCO_ICT,PC_IND_IU3,2012	10 	10 	10 	9 	12 	3 	: u	10 u	8 	5 	: u	: u	13 	6 	: 	: u	12 u	6 	7 u	12 u	6 	: u	2 u	4 	26 	19 	5 	14 	17 	15 	4 u	14 u	: u	: u	: 	: u	: 
I_IHDLTWK,ISCO_ICT,PC_IND_IUHD,2012	16 	16 	14 	15 	18 	7 u	: u	12 u	15 	10 u	: u	: u	19 	8 	: 	: u	: u	12 u	15 u	: u	16 u	: u	: u	6 	35 	29 u	12 u	27 u	25 	16 	5 u	16 u	: u	: u	: 	: u	: 
I_IHDLTWK,ISCO_ICTX,PC_IND,2012	6 	6 	7 	6 	12 	1 	: u	10 	4 	5 	6 	6 	7 	8 	7 	: u	4 	4 	4 	12 	3 	6 	7 	7 	7 	4 	1 	7 	10 	14 	7 	9 	13 	15 	: 	4 	: 
I_IHDLTWK,ISCO_ICTX,PC_IND_IU3,2012	7 	7 	7 	7 	13 	2 	: u	10 	5 	6 	7 	8 	8 	9 	9 	: u	6 	5 	5 	13 	3 	7 	7 	8 	10 	6 	2 	9 	12 	14 	7 	10 	13 	16 	: 	5 	: 
I_IHDLTWK,ISCO_ICTX,PC_IND_IUHD,2012	18 	18 	17 	19 	34 	14 	: u	17 	16 	26 	15 	31 	18 	20 	21 	: u	21 	22 	33 	23 	19 	16 	13 	18 	39 	30 	14 	32 	33 	26 	11 	14 	28 	25 	: 	22 	: 
I_IHDLTWK,M_I0_2,PC_IND,2012	4 	4 	4 	4 	9 	0 n	: u	9 	4 	6 	5 	1 	4 	6 	6 	2 	1 	3 	4 	3 	1 	2 	6 	2 	5 	2 	0 n	5 	12 	9 	11 	5 	10 	8 	3 	1 	1 
I_IHDLTWK,M_I0_2,PC_IND_IU3,2012	7 	7 	7 	7 	14 	1 	: u	10 	5 	9 	9 	5 	8 	8 	14 u	4 	4 	5 	9 	4 	2 	4 	7 	2 	12 	5 	1 	12 	18 	12 	12 	9 	10 	9 	: u	2 	4 
I_IHDLTWK,M_I0_2,PC_IND_IUHD,2012	20 	20 	19 	20 	38 	: u	: u	16 	13 	33 	36 	25 u	19 	20 	21 u	25 	16 u	15 	26 	8 u	8 	12 	16 	4 	37 	28 	6 u	29 u	35 	23 	21 	16 u	23 	14 	: u	: u	20 
I_IHDLTWK,M_I3_4,PC_IND,2012	6 	6 	6 	5 	11 	1 	: u	8 	4 	5 	6 	6 	8 	7 	7 	4 	3 	4 	4 	16 	3 	6 	7 	6 	6 	7 	1 	5 	7 	11 	6 	11 	13 	15 	3 	4 	4 
I_IHDLTWK,M_I3_4,PC_IND_IU3,2012	7 	7 	8 	7 	13 	1 	: u	9 	4 	6 	8 	9 	9 	8 	8 	6 	4 	5 	6 	16 	4 	7 	8 	7 	9 	7 	2 	7 	9 	12 	6 	12 	14 	16 	4 	5 	6 
I_IHDLTWK,M_I3_4,PC_IND_IUHD,2012	19 	19 	17 	18 	31 	11 	: u	16 	13 	23 	20 	29 	18 	18 	16 	22 	16 	21 	30 	26 	21 	13 	14 	16 	41 	23 	21 	22 	25 	21 	9 	18 	30 	24 	11 	23 	20 
I_IHDLTWK,M_I5_8,PC_IND,2012	8 	8 	8 	8 	13 	3 	: u	9 	6 	4 	6 	9 	9 	9 	12 	6 	7 	4 	8 	12 	5 	5 	6 	9 	14 	8 	2 	13 	15 	14 	9 	8 	13 	14 	2 	3 	5 
I_IHDLTWK,M_I5_8,PC_IND_IU3,2012	9 	9 	9 	9 	14 	4 	: u	9 	7 	4 	7 	10 	10 	9 	13 	7 	7 	5 	9 	12 	6 	5 	6 	9 	15 	8 	2 	13 	15 	15 	10 	9 	13 	14 	2 	3 	5 
I_IHDLTWK,M_I5_8,PC_IND_IUHD,2012	17 	17 	16 	18 	28 	14 	: u	13 	19 	14 	12 	26 	18 	16 	22 	20 	18 	14 	29 	22 	20 	8 	11 	17 	33 	22 	9 	29 	30 	23 	13 	11 	22 	21 	4 	8 u	16 
I_IHDLTWK,M_Y16_24,PC_IND,2012	8 	8 	8 	8 	16 	1 	: u	10 	5 	8 	8 	9 	7 	11 	13 	7 	5 	7 	10 	14 	5 	7 	6 	6 	15 	10 	1 	12 	12 	14 	7 	9 	18 	10 	2 	5 	5 
I_IHDLTWK,M_Y16_24,PC_IND_IU3,2012	9 	9 	8 	8 	18 	1 	: u	10 	5 	8 	9 	9 	7 	11 	13 	8 	5 	7 	10 	14 	5 	7 	6 	6 	15 	10 	2 	12 	13 	14 	7 	9 	18 	10 	2 	6 	6 
I_IHDLTWK,M_Y16_24,PC_IND_IUHD,2012	15 	15 	13 	15 	33 	9 	: u	13 	10 	20 	21 	20 	11 	17 	16 	24 	13 	16 	23 	19 	19 	11 	7 	8 	39 	30 	11 	19 	22 	21 	8 	10 	29 	12 	5 u	24 u	17 
I_IHDLTWK,M_Y16_74,PC_IND,2012	6 	6 	6 	6 	11 	1 	: u	8 	4 	5 	6 	5 	6 	7 	7 	3 	3 	4 	5 	12 	3 	4 	7 	6 	7 	4 	1 	6 	9 	11 	8 	9 	12 	13 	3 	3 	3 
I_IHDLTWK,M_Y16_74,PC_IND_IU3,2012	8 	8 	8 	7 	13 	2 	: u	9 	5 	6 	8 	9 	9 	8 	10 	6 	5 	5 	7 	13 	4 	5 	7 	7 	11 	6 	2 	9 	12 	13 	8 	10 	13 	14 	4 	4 	5 
I_IHDLTWK,M_Y16_74,PC_IND_IUHD,2012	18 	18 	17 	18 	32 	13 	: u	15 	15 	22 	18 	27 	18 	18 	18 	22 	17 	17 	29 	23 	19 	11 	14 	14 	37 	24 	14 	25 	28 	22 	12 	15 	26 	20 	9 	18 	19 
I_IHDLTWK,M_Y25_54,PC_IND,2012	7 	7 	7 	6 	13 	1 	: u	8 	5 	6 	6 	7 	8 	8 	8 	4 	4 	4 	5 	13 	3 	3 	8 	6 	8 	4 	1 	7 	11 	14 	8 	10 	12 	13 	3 	3 	3 
I_IHDLTWK,M_Y25_54,PC_IND_IU3,2012	8 	8 	8 	8 	14 	2 	: u	8 	6 	7 	8 	10 	9 	8 	10 	5 	6 	5 	7 	13 	4 	4 	8 	7 	10 	6 	2 	8 	13 	14 	8 	10 	12 	13 	5 	4 	5 
I_IHDLTWK,M_Y25_54,PC_IND_IUHD,2012	18 	18 	17 	18 	30 	13 	: u	12 	15 	23 	17 	29 	20 	17 	19 	20 	17 	17 	33 	21 	18 	9 	14 	14 	35 	23 	15 	24 	30 	21 	10 	14 	23 	18 	11 	16 	20 
I_IHDLTWK,M_Y25_64,PC_IND,2012	6 	6 	6 	6 	11 	1 	: u	8 	5 	5 	6 	6 	7 	7 	7 	3 	3 	3 	4 	13 	3 	3 	8 	7 	6 	3 	1 	6 	10 	12 	8 	10 	11 	14 	3 	2 	2 
I_IHDLTWK,M_Y25_64,PC_IND_IU3,2012	8 	8 	8 	7 	13 	2 	: u	8 	5 	6 	7 	9 	9 	8 	9 	5 	5 	4 	6 	13 	4 	4 	8 	8 	10 	5 	2 	9 	12 	13 	8 	11 	11 	15 	5 	3 	4 
I_IHDLTWK,M_Y25_64,PC_IND_IUHD,2012	19 	19 	18 	19 	31 	13 	: u	14 	16 	22 	17 	30 	21 	18 	19 	21 	18 	18 	34 	24 	19 	10 	15 	16 	36 	22 	15 	27 	30 	22 	12 	16 	23 	22 	12 	15 	20 
I_IHDLTWK,M_Y55_74,PC_IND,2012	3 	3 	4 	3 	5 	0 n	: u	9 	2 	0 n	3 	1 	3 	3 	1 	2 	1 	1 	0 n	11 	1 	2 	5 	5 	2 	0 n	0 n	3 	2 	6 	9 	8 	8 	14 	1 	0 n	0 n
I_IHDLTWK,M_Y55_74,PC_IND_IU3,2012	6 	6 	7 	5 	8 	2 	: u	11 	3 	1 	6 	6 	8 	5 	4 	4 	4 	3 	1 	13 	2 	5 	6 	9 	6 	1 	2 	8 	5 	9 	10 	12 	9 	16 	2 u	1 	1 
I_IHDLTWK,M_Y55_74,PC_IND_IUHD,2012	29 	29 	28 	28 	37 	: u	: u	30 	25 	: u	29 	: u	30 	24 	24 u	31 	29 u	36 u	: u	39 	24 u	: u	27 	32 	52 u	13 u	30 u	: u	29 u	33 	26 	30 	34 	39 	: u	: u	23 u
I_IHDLTWK,RETIR_OTHER,PC_IND,2012	2 	2 	3 	2 	5 	0 n	: u	7 	2 	2 	4 	1 	2 	3 	1 	1 	1 	1 	1 	9 	0 n	3 	4 	3 	1 	1 	0 n	0 n	1 	6 	8 	7 	: 	7 	1 	1 	1 
I_IHDLTWK,RETIR_OTHER,PC_IND_IU3,2012	6 	6 	6 	5 	8 	1 	: u	9 	3 	4 	8 	3 	6 	6 	4 	3 	4 	3 	2 	12 	1 	7 	6 	6 	4 	3 	2 	2 	4 	9 	11 	10 	: 	9 	5 u	4 	3 
I_IHDLTWK,RETIR_OTHER,PC_IND_IUHD,2012	30 	30 	30 	32 	36 	: u	: u	24 	31 	29 	35 	43 u	33 	35 	21 u	32 	19 u	43 u	48 u	47 	19 	33 u	28 	26 	56 	: u	41 u	: u	28 u	36 	40 	25 	: 	31 u	: u	: u	29 
I_IHDLTWK,SAL_SELF_FAM,PC_IND,2012	6 	6 	7 	6 	12 	2 	: u	10 	5 	5 	6 	6 	7 	8 	7 	3 	4 	4 	4 	12 	3 	6 	7 	7 	8 	5 	1 	8 	11 	14 	7 	9 	13 	15 	3 	4 	3 
I_IHDLTWK,SAL_SELF_FAM,PC_IND_IU3,2012	7 	7 	8 	7 	13 	2 	: u	10 	5 	6 	7 	8 	8 	8 	9 	5 	6 	5 	5 	13 	3 	7 	7 	8 	10 	6 	2 	9 	12 	14 	7 	10 	13 	16 	4 	5 	5 
I_IHDLTWK,SAL_SELF_FAM,PC_IND_IUHD,2012	18 	18 	17 	19 	33 	14 	: u	17 	16 	25 	15 	30 	18 	19 	21 	22 	21 	21 	32 	23 	18 	16 	13 	17 	39 	30 	14 	31 	32 	25 	11 	14 	28 	24 	9 	21 	19 
I_IHDLTWK,STUD,PC_IND,2012	10 	9 	9 	9 	18 	2 	: u	7 	8 	10 	7 	12 	8 	10 	14 	6 	8 	8 	12 	15 	5 	9 	6 	6 	16 	12 	2 	14 	14 	17 	11 	10 	18 	6 	6 	6 	6 
I_IHDLTWK,STUD,PC_IND_IU3,2012	10 	10 	9 	9 	19 	2 	: u	7 	8 	10 	7 	12 	8 	10 	14 	7 	8 	8 	12 	15 	5 	9 	6 	6 	16 	12 	2 	14 	14 	17 	11 	11 	18 	6 	6 	6 	6 
I_IHDLTWK,STUD,PC_IND_IUHD,2012	18 	18 	15 	17 	36 	13 	: u	10 	17 	26 	14 	29 	13 	15 	17 	20 	18 	19 	26 	20 	17 	13 u	8 	9 	40 	33 	15 	24 	27 	26 	13 	12 	30 	8 	11 u	21 u	18 
I_IHDLTWK,UNE,PC_IND,2012	6 	6 	6 	5 	12 	0 n	: u	10 	3 	4 	6 	6 	7 	6 	4 	3 	4 	3 	4 	21 u	1 	2 u	10 	6 	5 	4 	0 n	6 	4 	9 	12 u	12 	16 	15 u	4 	2 	2 
I_IHDLTWK,UNE,PC_IND_IU3,2012	8 	8 	9 	8 	15 	1 	: u	10 	4 	5 	8 	10 	11 	8 	6 	5 	6 	4 	8 	22 u	2 	3 u	10 	6 	9 	7 	1 	9 	6 	10 	13 u	14 	16 	15 u	8 	3 	4 
I_IHDLTWK,UNE,PC_IND_IUHD,2012	26 	26 	25 	26 	48 	15 u	: u	22 u	23 	25 	29 	36 	28 	19 	12 	25 	23 u	23 	49 	: u	19 u	: u	19 	15 u	56 	36 	: u	28 u	26 u	25 u	20 u	24 	37 u	: u	21 	21 u	17 
I_IHDLTWK,Y0_15,PC_IND,2012	: 	: 	: 	: 	: 	: 	: 	: 	7 	10 	: 	: 	: 	: 	: 	: 	: 	7 u	: 	: 	: 	: 	: 	: 	: 	0 	: 	13 	11 	: 	: 	: 	: 	: 	: 	: 	: 
I_IHDLTWK,Y0_15,PC_IND_IU3,2012	: 	: 	: 	: 	: 	: 	: 	: 	7 	10 	: 	: 	: 	: 	: 	: 	: 	7 u	: 	: 	: 	: 	: 	: 	: 	0 	: 	14 	11 	: 	: 	: 	: 	: 	: 	: 	: 
I_IHDLTWK,Y0_15,PC_IND_IUHD,2012	: 	: 	: 	: 	: 	: 	: 	: 	30 	24 u	: 	: 	: 	: 	: 	: 	: 	16 u	: 	: 	: 	: 	: 	: 	: 	: 	: 	37 u	36 	: 	: 	: 	: 	: 	: 	: 	: 
I_IHDLTWK,Y16_24,PC_IND,2012	8 	8 	8 	8 	17 	2 	: u	8 	6 	8 	7 	12 	9 	11 	11 	5 	6 	9 	11 	15 	5 	11 	6 	6 	14 	12 	1 	14 	14 	16 	7 	7 	20 	9 	6 	5 	4 
I_IHDLTWK,Y16_24,PC_IND_IU3,2012	9 	9 	8 	9 	18 	2 	: u	8 	6 	8 	7 	13 	9 	11 	11 	6 	7 	9 	11 	15 	5 	11 	6 	6 	15 	13 	2 	14 	14 	16 	7 	8 	20 	9 	7 	6 	6 
I_IHDLTWK,Y16_24,PC_IND_IUHD,2012	15 	15 	13 	16 	33 	12 	: u	11 	12 	20 	15 	31 	14 	17 	14 	19 	17 	20 	27 	20 	19 	16 	7 	9 	41 	36 	14 	24 	26 	24 	8 	9 	31 	12 	14 	21 u	18 
I_IHDLTWK,Y16_24HI,PC_IND,2012	7 	7 	7 	10 	16 	3 	: u	: u	4 	3 	3 	7 u	9 	14 	20 u	3 	5 	4 	13 	: u	9 u	3 u	2 	: u	16 	12 	2 	: u	10 	: u	: u	1 	: u	: u	2 u	: u	6 
I_IHDLTWK,Y16_24HI,PC_IND_IU3,2012	8 	7 	7 	10 	16 	3 	: u	: u	4 	3 	3 	8 u	9 	14 	20 u	3 	6 	4 	13 	: u	9 u	3 u	2 	: u	16 	12 	3 	: u	10 	: u	: u	1 	: u	: u	2 u	: u	6 
I_IHDLTWK,Y16_24HI,PC_IND_IUHD,2012	11 	11 	10 	16 	34 u	: u	: u	: u	9 	8 u	6 u	: u	13 	21 	: u	8 	11 u	9 u	29 u	: u	: u	: u	2 u	: u	40 u	25 u	8 u	: u	18 u	: u	: u	1 u	: u	: u	3 u	: u	14 
I_IHDLTWK,Y16_24LO,PC_IND,2012	9 	9 	9 	9 	17 	1 	: u	8 	7 	9 	: u	9 	9 	13 	12 u	5 	6 	8 	11 	16 	3 	10 	6 	4 	14 	11 	1 	23 	19 	17 	10 	: u	19 	7 	: u	4 	3 
I_IHDLTWK,Y16_24LO,PC_IND_IU3,2012	9 	9 	9 	9 	19 	2 	: u	8 	7 	10 	: u	11 	10 	13 	13 u	6 	6 	9 	11 	16 	3 	11 	6 	4 	15 	12 	1 	23 	20 	17 	10 	: u	19 	7 	: u	5 	5 
I_IHDLTWK,Y16_24LO,PC_IND_IUHD,2012	18 	18 	16 	18 	32 	15 u	: u	11 	14 	25 	: u	27 u	17 	20 	16 u	22 	18 	22 	28 	21 	11 	17 u	7 	5 	41 	39 	12 	40 u	35 	26 	13 	: u	29 	9 	: u	: u	19 
I_IHDLTWK,Y16_24ME,PC_IND,2012	8 	8 	8 	8 	16 	2 	: u	11 u	6 	7 	7 	13 	8 	8 	10 	6 	7 	10 	10 	14 	6 	14 	7 	8 	15 	14 	2 	9 	11 	14 	3 	9 	25 	16 u	8 	7 	6 
I_IHDLTWK,Y16_24ME,PC_IND_IU3,2012	9 	9 	8 	8 	17 	2 	: u	11 u	6 	7 	7 	14 	8 	8 	10 	7 	8 	10 	10 	14 	6 	14 	7 	8 	15 	14 	2 	10 	11 	14 	3 	10 	25 	16 u	9 	8 	7 
I_IHDLTWK,Y16_24ME,PC_IND_IUHD,2012	15 	15 	12 	14 	35 	11 	: u	: u	10 	17 	15 	33 	11 	13 	12 	19 	19 	21 	25 	19 	23 	20 	8 	11 	40 	37 	16 	16 	22 	21 	3 	11 	37 	19 u	21 u	28 u	18 
I_IHDLTWK,Y25_34,PC_IND,2012	7 	7 	7 	7 	14 	2 	: u	8 	5 	11 	7 	7 	8 	9 	9 	4 	5 	6 	7 	11 	3 	8 	8 	8 	10 	9 	2 	10 	13 	17 	9 	7 	13 	9 	3 	4 	3 
I_IHDLTWK,Y25_34,PC_IND_IU3,2012	8 	8 	8 	8 	15 	2 	: u	8 	6 	12 	8 	8 	9 	9 	10 	5 	7 	6 	8 	11 	3 	9 	8 	8 	12 	10 	2 	11 	14 	17 	9 	7 	13 	9 	4 	5 	5 
I_IHDLTWK,Y25_34,PC_IND_IUHD,2012	16 	16 	14 	17 	31 	14 	: u	11 	13 	32 	16 	24 	17 	16 	16 	21 	20 	21 	32 	17 	17 	17 	12 	14 	37 	36 	15 	27 	30 	24 	12 	9 	22 	12 	9 	18 	20 
I_IHDLTWK,Y25_54,PC_IND,2012	6 	6 	7 	6 	12 	1 	: u	10 	5 	6 	6 	5 	7 	8 	7 	3 	4 	4 	4 	12 	2 	5 	8 	7 	7 	4 	1 	7 	10 	15 	9 	10 	13 	15 	3 	3 	2 
I_IHDLTWK,Y25_54,PC_IND_IU3,2012	8 	8 	8 	7 	13 	2 	: u	10 	5 	7 	7 	8 	9 	8 	9 	5 	6 	5 	5 	13 	3 	7 	8 	8 	9 	6 	2 	9 	11 	15 	9 	11 	14 	16 	5 	4 	4 
I_IHDLTWK,Y25_54,PC_IND_IUHD,2012	20 	20 	19 	21 	34 	14 	: u	16 	18 	28 	18 	31 	21 	20 	21 	22 	21 	22 	36 	23 	17 	16 	16 	18 	40 	31 	15 	30 	32 	26 	13 	15 	28 	23 	13 	20 	20 
I_IHDLTWK,Y25_54HI,PC_IND,2012	9 	9 	9 	8 	13 	3 	: u	10 	7 	7 	7 	7 	8 	9 	14 	6 	7 	5 	7 	14 	4 	6 	7 	8 	13 	9 	2 	17 	13 	16 	11 	10 	17 	18 	3 	4 	5 
I_IHDLTWK,Y25_54HI,PC_IND_IU3,2012	9 	9 	9 	8 	13 	4 	: u	10 	7 	8 	7 	8 	9 	9 	14 	7 	8 	5 	7 	14 	4 	6 	7 	8 	13 	9 	3 	17 	13 	16 	11 	11 	17 	18 	3 	4 	5 
I_IHDLTWK,Y25_54HI,PC_IND_IUHD,2012	18 	18 	17 	19 	31 	14 	: u	15 	19 	26 	15 	24 	17 	16 	25 	23 	22 	20 	33 	24 	17 	11 	11 	14 	37 	31 	11 	41 	31 	25 	14 	13 	27 	25 	7 	10 	17 
I_IHDLTWK,Y25_54LO,PC_IND,2012	4 	4 	4 	4 	10 	0 n	: u	10 	3 	6 	5 	1 	5 	6 	0 	1 	1 	2 	1 	4 	0 n	3 	8 	4 	1 	1 	0 	0 	4 	15 	19 u	3 	9 	15 	4 	0 n	1 
I_IHDLTWK,Y25_54LO,PC_IND_IU3,2012	6 	6 	6 	6 	14 	1 	: u	11 	4 	9 	8 	5 	8 	8 	0 u	3 	3 	3 	4 	5 	0 n	5 	8 	6 	2 	3 	0 	0 u	11 u	16 	21 u	5 	9 	16 	: u	1 	3 
I_IHDLTWK,Y25_54LO,PC_IND_IUHD,2012	22 	22 	22 	24 	45 	: u	: u	18 	20 	70 u	31 	: u	24 	23 	: u	24 	: u	19 u	: u	11 u	: u	18 	22 	24 u	: u	24 	: u	: u	: u	32 	32 u	10 u	27 	26 u	: u	: u	25 
I_IHDLTWK,Y25_54ME,PC_IND,2012	6 	6 	7 	6 	12 	1 	: u	9 	4 	5 	6 	6 	9 	8 	7 	3 	2 	3 	3 	14 	2 	9 	10 	8 	5 	7 	1 	5 	9 	14 	6 	11 	13 	15 	3 	4 	3 
I_IHDLTWK,Y25_54ME,PC_IND_IU3,2012	7 	7 	8 	7 	13 	1 	: u	10 	5 	6 	7 	8 	10 	9 	8 	4 	3 	4 	4 	14 	2 	9 	10 	8 	8 	8 	2 	5 	10 	14 	6 	12 	13 	15 	5 	5 	4 
I_IHDLTWK,Y25_54ME,PC_IND_IUHD,2012	21 	21 	20 	22 	34 	13 	: u	16 	17 	27 	22 	41 	25 	24 	21 	21 	20 	25 	42 	25 	18 	20 	20 	19 	44 	36 	23 	22 	33 	25 	9 	19 	28 	23 	14 	30 	22 
I_IHDLTWK,Y25_64,PC_IND,2012	6 	6 	6 	5 	10 	1 	: u	10 	4 	5 	6 	4 	6 	6 	5 	3 	3 	3 	3 	12 	2 	5 	7 	7 	5 	3 	1 	6 	8 	13 	9 	10 	12 	15 	3 	2 	2 
I_IHDLTWK,Y25_64,PC_IND_IU3,2012	7 	7 	8 	7 	12 	2 	: u	10 	5 	6 	7 	8 	9 	8 	8 	5 	6 	4 	5 	13 	3 	7 	8 	8 	9 	5 	2 	8 	10 	14 	9 	11 	12 	15 	5 	4 	4 
I_IHDLTWK,Y25_64,PC_IND_IUHD,2012	21 	21 	20 	22 	35 	14 	: u	18 	18 	28 	19 	31 	21 	21 	21 	23 	22 	22 	36 	26 	18 	17 	17 	19 	40 	30 	16 	31 	33 	27 	14 	17 	29 	25 	13 	21 	20 
I_IHDLTWK,Y25_64HI,PC_IND,2012	8 	8 	8 	8 	13 	3 	: u	11 	6 	6 	7 	7 	8 	8 	12 	6 	7 	5 	6 	14 	4 	6 	7 	8 	12 	8 	2 	16 	12 	16 	10 	11 	16 	18 	2 	4 	5 
I_IHDLTWK,Y25_64HI,PC_IND_IU3,2012	9 	9 	9 	8 	13 	3 	: u	11 	6 	6 	8 	8 	9 	8 	13 	7 	8 	5 	7 	14 	4 	6 	7 	8 	12 	8 	2 	16 	12 	16 	11 	11 	16 	18 	3 	4 	5 
I_IHDLTWK,Y25_64HI,PC_IND_IUHD,2012	19 	19 	18 	19 	32 	14 	: u	16 	19 	26 	16 	26 	18 	17 	25 	23 	22 	20 	34 	26 	18 	11 	13 	15 	38 	29 	11 	41 	32 	27 	15 	15 	28 	27 	7 	11 	17 
I_IHDLTWK,Y25_64LO,PC_IND,2012	3 	3 	3 	3 	8 	0 n	: u	9 	2 	4 	3 	1 	4 	4 	0 	1 	0 n	2 	1 	4 	0 n	3 	6 	3 	0 n	1 	0 n	0 n	2 	8 	14 	4 	7 	12 	3 	0 n	1 
I_IHDLTWK,Y25_64LO,PC_IND_IU3,2012	6 	6 	6 	6 	12 	1 	: u	10 	4 	8 	7 	5 	8 	6 	0 u	3 	3 	3 	3 	6 	1 	5 	7 	5 	1 	3 	0 n	1 	7 u	11 	16 	7 	8 	13 	: u	1 	3 
I_IHDLTWK,Y25_64LO,PC_IND_IUHD,2012	23 	23 	23 	25 	46 	: u	: u	19 	23 	67 u	30 	: u	25 	23 	: u	26 	: u	19 u	: u	15 u	6 u	21 	22 	22 	: u	23 	: u	: u	: u	31 	32 u	15 	28 	24 u	: u	: u	25 
I_IHDLTWK,Y25_64ME,PC_IND,2012	5 	5 	6 	5 	11 	1 	: u	10 	4 	4 	6 	5 	8 	7 	6 	3 	2 	3 	2 	14 	2 	9 	9 	7 	4 	7 	1 	4 	7 	11 	6 	11 	12 	15 	3 	3 	3 
I_IHDLTWK,Y25_64ME,PC_IND_IU3,2012	7 	7 	7 	7 	12 	1 	: u	10 	4 	5 	7 	8 	9 	8 	7 	4 	3 	4 	3 	15 	2 	9 	9 	8 	7 	7 	2 	6 	10 	12 	6 	12 	12 	15 	5 	5 	4 
I_IHDLTWK,Y25_64ME,PC_IND_IUHD,2012	22 	22 	21 	23 	34 	13 	: u	19 	18 	27 	23 	40 	25 	24 	21 	22 	19 	26 	42 	28 	18 	21 	20 	21 	45 	36 	24 	24 	33 	25 	10 	20 	30 	25 	15 	29 	23 
I_IHDLTWK,Y25_64_RETIROTH,PC_IND,2012	3 	3 	4 	3 	6 	0 n	: u	8 	2 	3 	5 	1 	3 	4 	1 	1 	1 	1 	1 	12 	1 	4 	7 	4 	1 	1 	0 n	1 	2 	9 	13 	9 	: 	6 	2 	1 	1 
I_IHDLTWK,Y25_64_RETIROTH,PC_IND_IU3,2012	6 	6 	7 	6 	10 	0 n	: u	11 	4 	6 	8 	3 	7 	6 	4 	3 	3 	3 	2 	15 	1 	9 	8 	7 	4 	3 	2 	2 	5 	11 	16 u	12 	: 	7 	: u	4 	3 
I_IHDLTWK,Y25_64_RETIROTH,PC_IND_IUHD,2012	31 	31 	30 	35 	41 	: u	: u	24 	29 	38 u	35 	: u	33 	36 	32 u	32 	22 u	: u	: u	51 u	20 u	38 u	44 	27 	58 	: u	: u	: u	31 u	35 	36 u	25 	: 	: u	: u	: u	32 
I_IHDLTWK,Y25_64_SALSELFFAM,PC_IND,2012	6 	6 	7 	6 	12 	1 	: u	10 	5 	5 	6 	6 	7 	7 	7 	3 	4 	4 	4 	12 	3 	5 	8 	8 	7 	4 	1 	8 	10 	14 	7 	10 	12 	16 	3 	3 	2 
I_IHDLTWK,Y25_64_SALSELFFAM,PC_IND_IU3,2012	8 	7 	8 	7 	13 	2 	: u	10 	5 	6 	7 	8 	9 	8 	8 	5 	6 	4 	5 	12 	3 	6 	8 	9 	10 	6 	2 	9 	12 	14 	8 	11 	13 	16 	4 	5 	5 
I_IHDLTWK,Y25_64_SALSELFFAM,PC_IND_IUHD,2012	19 	19 	18 	20 	33 	13 	: u	18 	18 	27 	15 	30 	19 	19 	22 	22 	21 	21 	35 	23 	18 	14 	15 	19 	39 	29 	14 	32 	33 	26 	11 	16 	28 	26 	10 	20 	19 
I_IHDLTWK,Y25_64_UNE,PC_IND,2012	5 	5 	6 	5 	11 	1 	: u	10 	3 	3 	7 	6 	7 	7 	4 	3 	5 	2 	3 	23 u	1 	3 u	8 	4 	4 	2 	1 	5 	4 	8 	15 u	12 	16 	: u	3 	2 	1 
I_IHDLTWK,Y25_64_UNE,PC_IND_IU3,2012	8 	8 	8 	8 	14 	2 	: u	10 	4 	4 	9 	10 	10 	8 	8 	5 	8 	3 	6 	24 u	2 	: u	8 	4 	8 	5 	1 	9 	6 	9 	16 u	14 	16 	: u	7 	3 	2 
I_IHDLTWK,Y25_64_UNE,PC_IND_IUHD,2012	28 	28 	27 	28 	47 	27 u	: u	22 u	24 	: u	34 	37 	30 	24 	17 	28 	34 u	27 	51 u	: u	: u	: u	21 u	13 u	67 u	35 u	: u	31 u	27 u	29 u	: u	25 	40 u	: u	22 u	: u	15 
I_IHDLTWK,Y35_44,PC_IND,2012	7 	7 	7 	7 	12 	1 	: u	10 	6 	5 	7 	7 	8 	8 	7 	3 	4 	3 	5 	15 	2 	4 	9 	7 	7 	4 	1 	8 	10 	15 	7 	11 	14 	15 	5 	3 	2 
I_IHDLTWK,Y35_44,PC_IND_IU3,2012	8 	8 	8 	8 	13 	2 	: u	10 	6 	5 	8 	11 	9 	9 	9 	5 	5 	4 	6 	16 	3 	5 	9 	8 	9 	5 	2 	10 	11 	15 	7 	11 	14 	15 	9 	4 	4 
I_IHDLTWK,Y35_44,PC_IND_IUHD,2012	21 	21 	20 	22 	34 	10 	: u	16 	21 	24 	19 	43 	22 	22 	22 	22 	21 	21 	44 	28 	18 	13 	18 	18 	42 	29 	19 	34 	34 	23 	9 	16 	26 	22 	25 u	22 u	20 
I_IHDLTWK,Y45_54,PC_IND,2012	5 	5 	6 	5 	10 	1 	: u	10 	4 	2 	5 	2 	5 	6 	5 	2 	2 	2 	1 	10 	1 	3 	8 	6 	4 	1 	0 n	3 	7 	13 	11 	12 	14 	22 	1 	2 	1 
I_IHDLTWK,Y45_54,PC_IND_IU3,2012	7 	7 	8 	6 	12 	2 	: u	11 	4 	2 	6 	4 	8 	7 	8 	4 	5 	3 	2 	11 	2 	5 	8 	8 	6 	2 	1 	4 	8 	14 	11 	14 	14 	22 	1 	4 	2 
I_IHDLTWK,Y45_54,PC_IND_IUHD,2012	26 	26 	25 	26 	40 	21 	: u	22 	24 	20 	22 	29 u	28 	24 	32 	27 	30 	28 	35 	26 	17 	18 u	22 	25 	44 	20 	8 	30 u	36 	31 	19 	26 	38 	40 	: u	27 u	22 
I_IHDLTWK,Y55_64,PC_IND,2012	3 	3 	4 	3 	6 	0 n	: u	9 	2 	0 n	3 	1 	3 	3 	1 	1 	1 	1 	0 n	13 	1 	3 	5 	5 	1 	0 n	0 n	3 	3 	7 	7 	10 	7 	13 	0 n	1 	0 n
I_IHDLTWK,Y55_64,PC_IND_IU3,2012	6 	6 	6 	5 	9 	1 	: u	10 	3 	1 	5 	4 	7 	4 	3 	3 	4 	1 	1 	15 	2 	7 	6 	8 	4 	1 	1 	6 	6 	9 	8 	12 	8 	14 	2 u	4 	2 
I_IHDLTWK,Y55_64,PC_IND_IUHD,2012	29 	30 	29 	28 	41 	10 u	: u	31 	26 	: u	32 	: u	33 	25 	22 u	29 	35 u	22 u	53 u	48 	23 	: u	25 	30 	51 	9 u	29 u	: u	39 u	34 	22 	31 	37 	36 	: u	: u	35 u
I_IHDLTWK,Y55_74,PC_IND,2012	3 	3 	3 	2 	4 	0 n	: u	8 	2 	0 n	3 	1 	2 	2 	1 	1 	1 	1 	0 n	10 	1 	2 	4 	3 	1 	0 n	0 n	2 	2 	6 	7 	7 	6 	10 	0 n	1 	0 n
I_IHDLTWK,Y55_74,PC_IND_IU3,2012	5 	5 	6 	4 	8 	1 	: u	10 	3 	1 	5 	4 	6 	4 	3 	3 	4 	2 	1 	13 	2 	6 	5 	6 	4 	1 	1 	5 	5 	8 	9 	11 	7 	13 	2 	5 	2 
I_IHDLTWK,Y55_74,PC_IND_IUHD,2012	31 	31 	30 	29 	37 	20 u	: u	33 	29 	: u	35 	37 u	31 	25 	21 	30 	33 u	32 u	61 u	46 	21 	32 u	25 	31 	53 	13 u	28 u	: u	34 u	37 	27 	33 	42 	39 	: u	: u	30 u
I_IHDLTWK,Y55_74HI,PC_IND,2012	6 	6 	6 	5 	9 	1 	: u	11 	3 	1 	7 	3 	6 	5 	3 	3 	4 	1 	2 	13 	2 	8 u	6 	5 	6 	1 	0 n	4 	6 	13 	10 	11 	11 	15 	0 	3 u	1 
I_IHDLTWK,Y55_74HI,PC_IND_IU3,2012	7 	7 	7 	6 	11 	2 	: u	11 	4 	1 	8 	5 	8 	5 	4 	4 	7 	2 	2 	13 	3 	8 u	6 	6 	9 	1 	0 n	4 	8 	14 	10 	12 	11 	15 	0 u	4 u	2 
I_IHDLTWK,Y55_74HI,PC_IND_IUHD,2012	29 	29 	28 	27 	40 	18 u	: u	32 	27 	: u	36 	: u	29 	22 	25 u	25 	37 u	20 u	66 u	44 u	26 u	: u	20 	20 	57 u	10 u	: u	: u	: u	43 	24 	31 	48 u	37 u	: u	: u	: u
I_IHDLTWK,Y55_74LO,PC_IND,2012	1 	1 	1 	1 	3 	0 	: u	6 	1 	0 	1 	0 	1 	1 	0 	0 n	0 	0 n	0 	5 	0 n	1 	2 	0 n	0 	0 n	0 n	1 	0 	1 	5 	3 	3 	5 	0 	0 n	0 
I_IHDLTWK,Y55_74LO,PC_IND_IU3,2012	4 	4 	4 	3 	7 	0 u	: u	9 	2 	0 u	2 	0 u	4 	3 	: u	3 	0 u	3 u	: u	10 u	1 	5 	3 	1 	0 u	1 	2 u	: u	: u	3 	8 	7 	4 	8 u	: u	5 u	0 
I_IHDLTWK,Y55_74LO,PC_IND_IUHD,2012	32 	32 	32 	32 	38 	: 	: u	33 	: u	: u	22 u	: u	48 u	26 	: 	42 u	: 	: u	: 	: u	: u	: u	29 u	: u	: 	: u	: u	: u	: u	: u	: u	29 u	: u	: u	: u	: u	: u
I_IHDLTWK,Y55_74ME,PC_IND,2012	3 	3 	4 	2 	4 	0 n	: u	8 	2 	0 n	3 	0 n	3 	3 	1 	2 	0 	1 	0 n	11 	0 n	4 u	4 	4 	1 	0 	0 n	2 	1 	4 	7 	8 	7 	10 	1 	1 	1 
I_IHDLTWK,Y55_74ME,PC_IND_IU3,2012	5 	5 	6 	4 	6 	1 	: u	10 	3 	1 	6 	1 	5 	4 	3 	3 	0 	1 	0 n	14 	1 	6 u	5 	7 	2 	0 	2 	5 	4 	5 	9 	11 	7 	12 	4 u	5 	3 
I_IHDLTWK,Y55_74ME,PC_IND_IUHD,2012	33 	33 	32 	31 	31 	: u	: u	33 	29 	: u	40 	: u	27 	28 	18 u	32 	: u	: u	: u	45 u	17 u	: u	34 	43 	46 u	: u	: u	: u	33 u	28 	26 	37 	40 u	45 u	: u	: u	: u
I_IHDLTWK,Y65_74,PC_IND,2012	2 	2 	2 	1 	2 	0 n	: u	6 	1 	0 n	2 	0 n	1 	1 	0 n	0 n	1 	1 	0 n	6 	0 n	1 	2 	1 	0 n	0 n	0 	0 n	0 	4 	7 	5 	5 	6 	0 n	1 	0 
I_IHDLTWK,Y65_74,PC_IND_IU3,2012	4 	4 	5 	3 	5 	4 	: u	9 	3 	1 	5 	1 u	3 	3 	2 	3 	4 	3 	2 	8 	0 n	3 u	3 	4 	3 	1 	0 	2 u	0 	7 	9 	8 	6 	9 	: u	9 u	0 
I_IHDLTWK,Y65_74,PC_IND_IUHD,2012	35 	35 	35 	32 	26 	: u	: u	36 	37 	: u	47 	: u	23 u	29 	: u	37 u	: u	: u	: u	39 u	: u	: u	28 	33 u	: u	: u	: u	: u	: u	47 u	37 u	39 	: u	: u	: u	: u	: u
I_IHDLTWK,Y75_MAX,PC_IND,2012	: 	: 	: 	: 	: 	: 	: u	: 	0 n	: 	: 	: 	0 n	: 	: 	0 n	: 	: 	: 	: 	: 	: 	: 	: 	: 	: 	: 	: 	0 	: 	: 	1 	: 	7 	: 	: 	: 
I_IHDLTWK,Y75_MAX,PC_IND_IU3,2012	: 	: 	: 	: 	: 	: 	: u	: 	2 	: 	: 	: 	1 	: 	: 	2 	: 	: 	: 	: 	: 	: 	: 	: 	: 	: 	: 	: 	: u	: 	: 	5 	: 	15 u	: 	: 	: 
I_IHDLTWK,Y75_MAX,PC_IND_IUHD,2012	: 	: 	: 	: 	: 	: 	: u	: 	: u	: 	: 	: 	: u	: 	: 	: u	: 	: 	: 	: 	: 	: 	: 	: 	: 	: 	: 	: 	: 	: 	: 	: u	: 	: u	: 	: 	: 
I_IHDUSE,CB_EU_FOR,PC_IND,2012	22 	22 	22 	18 	26 	: u	: u	32 	10 	22 u	26 	14 u	22 	25 	: 	: u	13 	5 	0 u	33 	12 	22 u	39 	30 	9 u	14 	: 	: u	18 u	45 u	43 u	56 	29 	49 u	: 	: 	: 
I_IHDUSE,CB_EU_FOR,PC_IND_IU3,2012	30 	30 	30 	25 	33 	: u	: u	33 	15 	38 u	30 	17 u	30 	34 	: 	: u	18 	8 u	: u	37 	15 	: u	41 u	34 	: u	17 	: 	: u	22 u	47 u	48 u	67 u	30 	51 u	: 	: 	: 
I_IHDUSE,CB_EU_FOR,PC_IND_IUHD,2012	82 	82 	82 	81 	82 	: u	: u	72 u	81 	: u	81 	: u	78 	85 	: 	: u	81 	: u	: u	76 	: u	: u	79 u	88 	: u	59 u	: 